PID,Source,Preferred_name,SMILES,label,measured,n_records,assay
CHEMBL11608,ChEMBL_Km_Vmax,TYRAMINE,NCCc1ccc(O)cc1,1,"Km,Vmax",2,Substrate activity at MATE1 (unknown origin) expressed in HEK293 cells assessed as substrate concentration to achieve half of Vmax (maximum transport velocity) 
CHEMBL1185,ChEMBL_Km_Vmax,ZOLMITRIPTAN,CN(C)CCc1c[nH]c2ccc(C[C@H]3COC(=O)N3)cc12,1,"Km,Vmax",2,Substrate activity at MATE1 (unknown origin) expressed in HEK293 cells assessed as substrate concentration to achieve half of Vmax (maximum transport velocity) 
CHEMBL1186579,ChEMBL_Km_Vmax,METHYLNALTREXONE,C[N+]1(CC2CC2)CC[C@]23c4c5ccc(O)c4O[C@H]2C(=O)CC[C@@]3(O)[C@H]1C5,1,"Km,Vmax",2,Substrate activity at MATE1 (unknown origin) expressed in HEK293 cells assessed as substrate concentration to achieve half of Vmax (maximum transport velocity) 
CHEMBL1215,ChEMBL_Km_Vmax,PHENYLEPHRINE,CNC[C@H](O)c1cccc(O)c1,1,"Km,Vmax",2,Substrate activity at MATE1 (unknown origin) expressed in HEK293 cells assessed as substrate concentration to achieve half of Vmax (maximum transport velocity) 
CHEMBL1230004,ChEMBL_Km_Vmax,,CC(C)NC[C@@H](O)COc1ccc(CC(N)=O)cc1,1,"Km,Vmax",2,Substrate activity at MATE1 (unknown origin) expressed in HEK293 cells assessed as substrate concentration to achieve half of Vmax (maximum transport velocity) 
CHEMBL1279,ChEMBL_Km_Vmax,FROVATRIPTAN,CN[C@@H]1CCc2[nH]c3ccc(C(N)=O)cc3c2C1,1,"Km,Vmax",2,Substrate activity at MATE1 (unknown origin) expressed in HEK293 cells assessed as substrate concentration to achieve half of Vmax (maximum transport velocity) 
CHEMBL128,ChEMBL_Km_Vmax,SUMATRIPTAN,CNS(=O)(=O)Cc1ccc2[nH]cc(CCN(C)C)c2c1,1,"Km,Vmax",2,Substrate activity at MATE1 (unknown origin) expressed in HEK293 cells assessed as substrate concentration to achieve half of Vmax (maximum transport velocity) 
CHEMBL1364,ChEMBL_Km_Vmax,PYRIDOXINE,Cc1ncc(CO)c(CO)c1O,1,"Km,Vmax",2,Substrate activity at MATE1 (unknown origin) expressed in HEK293 cells assessed as substrate concentration to achieve half of Vmax (maximum transport velocity) 
CHEMBL141,ChEMBL_Km_Vmax,LAMIVUDINE,Nc1ccn([C@@H]2CS[C@H](CO)O2)c(=O)n1,1,"Km,Vmax",2,Substrate activity at MATE1 (unknown origin) expressed in HEK293 cells assessed as substrate concentration to achieve half of Vmax (maximum transport velocity) 
CHEMBL1437,ChEMBL_Km_Vmax,NOREPINEPHRINE,NC[C@H](O)c1ccc(O)c(O)c1,1,"Km,Vmax",2,Substrate activity at MATE1 (unknown origin) expressed in HEK293 cells assessed as substrate concentration to achieve half of Vmax (maximum transport velocity) 
CHEMBL1534,ChEMBL_Km_Vmax,RIBOFLAVIN,Cc1cc2nc3c(=O)[nH]c(=O)nc-3n(C[C@H](O)[C@H](O)[C@H](O)CO)c2cc1C,1,"Km,Vmax",2,Substrate activity at MATE1 (unknown origin) expressed in HEK293 cells assessed as substrate concentration to achieve half of Vmax (maximum transport velocity) 
CHEMBL1547,ChEMBL_Km_Vmax,THIAMINE ION,Cc1ncc(C[n+]2csc(CCO)c2C)c(N)n1,1,"Km,Vmax",2,Substrate activity at MATE1 (unknown origin) expressed in HEK293 cells assessed as substrate concentration to achieve half of Vmax (maximum transport velocity) 
CHEMBL1621597,ChEMBL_Km_Vmax,IPRATROPIUM,CC(C)[N+]1(C)[C@@H]2CC[C@H]1C[C@@H](OC(=O)C(CO)c1ccccc1)C2,1,"Km,Vmax",2,Substrate activity at MATE1 (unknown origin) expressed in HEK293 cells assessed as substrate concentration to achieve half of Vmax (maximum transport velocity) 
CHEMBL170988,ChEMBL_Km_Vmax,PHENFORMIN,N=C(N)NC(=N)NCCc1ccccc1,1,"Km,Vmax",2,Substrate activity at MATE1 (unknown origin) expressed in HEK293 cells assessed as substrate concentration to achieve half of Vmax (maximum transport velocity) 
CHEMBL184,ChEMBL_Km_Vmax,ACYCLOVIR,Nc1nc2c(ncn2COCCO)c(=O)[nH]1,1,"Km,Vmax",2,Substrate activity at MATE1 (unknown origin) expressed in HEK293 cells assessed as substrate concentration to achieve half of Vmax (maximum transport velocity) 
CHEMBL2110734,ChEMBL_Km_Vmax,SEPANTRONIUM,COCC[n+]1c2c(n(Cc3cnccn3)c1C)C(=O)c1ccccc1C2=O,1,"Km,Vmax",2,Substrate activity at MATE1 (unknown origin) expressed in HEK293 cells assessed as substrate concentration to achieve half of Vmax (maximum transport velocity) 
CHEMBL243712,ChEMBL_Km_Vmax,AMISULPRIDE,CCN1CCCC1CNC(=O)c1cc(S(=O)(=O)CC)c(N)cc1OC,1,"Km,Vmax",2,Substrate activity at MATE1 (unknown origin) expressed in HEK293 cells assessed as substrate concentration to achieve half of Vmax (maximum transport velocity) 
CHEMBL259209,ChEMBL_Km_Vmax,MILNACIPRAN,CCN(CC)C(=O)C1(c2ccccc2)CC1CN,1,"Km,Vmax",2,Substrate activity at MATE1 (unknown origin) expressed in HEK293 cells assessed as substrate concentration to achieve half of Vmax (maximum transport velocity) 
CHEMBL26,ChEMBL_Km_Vmax,SULPIRIDE,CCN1CCCC1CNC(=O)c1cc(S(N)(=O)=O)ccc1OC,1,"Km,Vmax",2,Substrate activity at MATE1 (unknown origin) expressed in HEK293 cells assessed as substrate concentration to achieve half of Vmax (maximum transport velocity) 
CHEMBL278020,ChEMBL_Km_Vmax,NEOSTIGMINE,CN(C)C(=O)Oc1cccc([N+](C)(C)C)c1,1,"Km,Vmax",2,Substrate activity at MATE1 (unknown origin) expressed in HEK293 cells assessed as substrate concentration to achieve half of Vmax (maximum transport velocity) 
CHEMBL295124,ChEMBL_Km_Vmax,BERBERINE,COc1ccc2cc3[n+](cc2c1OC)CCc1cc2c(cc1-3)OCO2,1,"Km,Vmax",2,Substrate activity at MATE1 (unknown origin) expressed in HEK293 cells assessed as substrate concentration to achieve half of Vmax (maximum transport velocity) 
CHEMBL362071,ChEMBL_Km_Vmax,COPTISINE,c1c2c(cc3c1OCO3)-c1cc3ccc4c(c3c[n+]1CC2)OCO4,1,"Km,Vmax",2,Substrate activity at MATE1 (unknown origin) expressed in HEK293 cells assessed as substrate concentration to achieve half of Vmax (maximum transport velocity) 
CHEMBL4297514,ChEMBL_Km_Vmax,IMEGLIMIN,C[C@H]1N=C(N(C)C)N=C(N)N1,1,"Km,Vmax",2,Substrate activity at MATE1 (unknown origin) expressed in HEK293 cells assessed as substrate concentration to achieve half of Vmax (maximum transport velocity) 
CHEMBL517712,ChEMBL_Km_Vmax,ATROPINE,CN1[C@@H]2CC[C@H]1C[C@@H](OC(=O)C(CO)c1ccccc1)C2,1,"Km,Vmax",2,Substrate activity at MATE1 (unknown origin) expressed in HEK293 cells assessed as substrate concentration to achieve half of Vmax (maximum transport velocity) 
CHEMBL55,ChEMBL_Km_Vmax,PENTAMIDINE,N=C(N)c1ccc(OCCCCCOc2ccc(C(=N)N)cc2)cc1,1,"Km,Vmax",2,Substrate activity at MATE1 (unknown origin) expressed in HEK293 cells assessed as substrate concentration to achieve half of Vmax (maximum transport velocity) 
CHEMBL59,ChEMBL_Km_Vmax,DOPAMINE,NCCc1ccc(O)c(O)c1,1,"Km,Vmax",2,Substrate activity at MATE1 (unknown origin) expressed in HEK293 cells assessed as substrate concentration to achieve half of Vmax (maximum transport velocity) 
CHEMBL593019,ChEMBL_Km_Vmax,PYRIDOXAMINE,Cc1ncc(CO)c(CN)c1O,1,"Km,Vmax",2,Substrate activity at MATE1 (unknown origin) expressed in HEK293 cells assessed as substrate concentration to achieve half of Vmax (maximum transport velocity) 
CHEMBL679,ChEMBL_Km_Vmax,EPINEPHRINE,CNC[C@H](O)c1ccc(O)c(O)c1,1,"Km,Vmax",2,Substrate activity at MATE1 (unknown origin) expressed in HEK293 cells assessed as substrate concentration to achieve half of Vmax (maximum transport velocity) 
CHEMBL8,ChEMBL_Km_Vmax,CIPROFLOXACIN,O=C(O)c1cn(C2CC2)c2cc(N3CCNCC3)c(F)cc2c1=O,1,"Km,Vmax",2,Substrate activity at MATE1 (unknown origin) expressed in HEK293 cells assessed as substrate concentration to achieve half of Vmax (maximum transport velocity) 
CHEMBL853,ChEMBL_Km_Vmax,ZALCITABINE,Nc1ccn([C@H]2CC[C@@H](CO)O2)c(=O)n1,1,"Km,Vmax",2,Substrate activity at MATE1 (unknown origin) expressed in HEK293 cells assessed as substrate concentration to achieve half of Vmax (maximum transport velocity) 
CHEMBL885,ChEMBL_Km_Vmax,EMTRICITABINE,Nc1nc(=O)n([C@@H]2CS[C@H](CO)O2)cc1F,1,"Km,Vmax",2,Substrate activity at MATE1 (unknown origin) expressed in HEK293 cells assessed as substrate concentration to achieve half of Vmax (maximum transport velocity) 
CHEMBL887,ChEMBL_Km_Vmax,RASAGILINE,C#CCN[C@@H]1CCc2ccccc21,1,"Km,Vmax",2,Substrate activity at MATE1 (unknown origin) expressed in HEK293 cells assessed as substrate concentration to achieve half of Vmax (maximum transport velocity) 
CHEMBL926,ChEMBL_Km_Vmax,DOBUTAMINE,CC(CCc1ccc(O)cc1)NCCc1ccc(O)c(O)c1,1,"Km,Vmax",2,Substrate activity at MATE1 (unknown origin) expressed in HEK293 cells assessed as substrate concentration to achieve half of Vmax (maximum transport velocity) 
CHEMBL978,ChEMBL_Km_Vmax,METHACHOLINE,CC(=O)OC(C)C[N+](C)(C)C,1,"Km,Vmax",2,Substrate activity at MATE1 (unknown origin) expressed in HEK293 cells assessed as substrate concentration to achieve half of Vmax (maximum transport velocity) 
