PID,Source,Preferred_name,SMILES,label
CHEMBL58,ChEMBL,MITOXANTRONE,C1=CC(=C2C(=C1NCCNCCO)C(=O)C3=C(C=CC(=C3C2=O)O)O)NCCNCCO,1
mbcd0000303,Metrabase,CURCUMIN,COC1=C(C=CC(=C1)C=CC(=O)CC(=O)C=CC2=CC(=C(C=C2)O)OC)O,0
mbcd0001280,Metrabase,SULFASALAZINE,C1=CC=NC(=C1)NS(=O)(=O)C2=CC=C(C=C2)N=NC3=CC(=C(C=C3)O)C(=O)O,1
mbcd0008195,Metrabase,FENBENDAZOLE,COC(=O)NC1=NC2=C(N1)C=C(C=C2)SC3=CC=CC=C3,0
mbcd0026840,Metrabase,OXFENDAZOLE,COC(=O)NC1=NC2=C(N1)C=C(C=C2)S(=O)C3=CC=CC=C3,0
mbcd0031461,Metrabase,1-[3-(2H-TETRAZOL-5-YL)BENZYL]-1H-BENZIMIDAZOLE,C1=CC=C2C(=C1)N=CN2CC3=CC(=CC=C3)C4=NNN=N4,1
mbcd0031667,Metrabase,7-HYDROXYCOUMARIN,C1=CC(=CC2=C1C=CC(=O)O2)O,0
CHEMBL1528022,ChEMBL,,C1=CC(=CC2=C1C=CC(=O)O2)OC3C(C(C(C(O3)C(=O)O)O)O)O,0
CHEMBL1644,ChEMBL,CEFADROXIL,CC1=C(N2C(C(C2=O)NC(=O)C(C3=CC=C(C=C3)O)N)SC1)C(=O)O,1
CHEMBL1697724,ChEMBL,ESTRADIOL 17B GLUCURONIDE,CC12CCC3C(C1CCC2OC4C(C(C(C(O4)C(=O)O)O)O)O)CCC5=C3C=CC(=C5)O,1
CHEMBL2074599,ChEMBL,E3040 GLUCURONIDE,CC1=C(C2=C(C(=C1OC3C(C(C(C(O3)C(=O)O)O)O)O)C)SC(=N2)NC)CC4=CN=CC=C4,1
CHEMBL213947,ChEMBL,,C1=CC(=C(C=C1[N+](=O)[O-])[N+](=O)[O-])SCC(C(=O)NCC(=O)O)NC(=O)CCC(C(=O)O)N,1
CHEMBL34259,ChEMBL,METHOTREXATE,CN(CC1=CN=C2C(=N1)C(=NC(=N2)N)N)C3=CC=C(C=C3)C(=O)NC(CCC(=O)O)C(=O)O,1
CHEMBL3542370,ChEMBL,,C1=CC(=CC=C1C2=CC(=O)C3=C(O2)C=C(C(=C3O)OC4C(C(C(C(O4)C(=O)O)O)O)O)O)O,1
CHEMBL4172614,ChEMBL,,C1CCN(C1)S(=O)(=O)C2=C3C=CC=NC3=C(C(=C2)F)O,0
CHEMBL44657,ChEMBL,ETOPOSIDE,CC1OCC2C(O1)C(C(C(O2)OC3C4COC(=O)C4C(C5=CC6=C(C=C35)OCO6)C7=CC(=C(C(=C7)OC)O)OC)O)O,1
CHEMBL487805,ChEMBL,SCUTELLARIN,C1=CC(=CC=C1C2=CC(=O)C3=C(C(=C(C=C3O2)OC4C(C(C(C(O4)C(=O)O)O)O)O)O)O)O,1
mbcd0000212,Metrabase,CALCEIN-AM,CC(=O)OCOC(=O)CN(CC1=CC2=C(C=C1OC(=O)C)OC3=C(C24C5=CC=CC=C5C(=O)O4)C=C(C(=C3)OC(=O)C)CN(CC(=O)OCOC(=O)C)CC(=O)OCOC(=O)C)CC(=O)OCOC(=O)C,1
mbcd0000455,Metrabase,GLYCOCHOLATE,CC(CCC(=O)NCC(=O)O)C1CCC2C1(C(CC3C2C(CC4C3(CCC(C4)O)C)O)O)C,1
mbcd0000693,Metrabase,PITAVASTATIN,C1CC1C2=NC3=CC=CC=C3C(=C2C=CC(CC(CC(=O)O)O)O)C4=CC=C(C=C4)F,1
mbcd0000780,Metrabase,SN-38 GLUCURONIDE,CCC1=C2CN3C(=CC4=C(C3=O)COC(=O)C4(CC)O)C2=NC5=C1C=C(C=C5)OC6C(C(C(C(O6)C(=O)O)O)O)O,1
mbcd0000937,Metrabase,ERYTHROMYCIN,CCC1C(C(C(C(=O)C(CC(C(C(C(C(C(=O)O1)C)OC2CC(C(C(O2)C)O)(C)OC)C)OC3C(C(CC(O3)C)N(C)C)O)(C)O)C)C)O)(C)O,1
mbcd0001038,Metrabase,GREPAFLOXACIN,CC1CN(CCN1)C2=C(C(=C3C(=C2)N(C=C(C3=O)C(=O)O)C4CC4)C)F,1
mbcd0001050,Metrabase,DIGOXIN,CC1C(C(CC(O1)OC2C(OC(CC2O)OC3C(OC(CC3O)OC4CCC5(C(C4)CCC6C5CC(C7(C6(CCC7C8=CC(=O)OC8)O)C)O)C)C)C)O)O,0
mbcd0001221,Metrabase,NITROFURANTOIN,C1C(=O)NC(=O)N1N=CC2=CC=C(O2)[N+](=O)[O-],0
mbcd0001416,Metrabase,RIFAMPIN,CC1C=CC=C(C(=O)NC2=C(C(=C3C(=C2O)C(=C(C4=C3C(=O)C(O4)(OC=CC(C(C(C(C(C(C1O)C)O)C)OC(=O)C)C)OC)C)C)O)O)C=NN5CCN(CC5)C)C,1
mbcd0001445,Metrabase,FLUVASTATIN,CC(C)N1C2=CC=CC=C2C(=C1C=CC(CC(CC(=O)O)O)O)C3=CC=C(C=C3)F,0
mbcd0001448,Metrabase,ROSUVASTATIN,CC(C)C1=NC(=NC(=C1C=CC(CC(CC(=O)O)O)O)C2=CC=C(C=C2)F)N(C)S(=O)(=O)C,1
mbcd0001640,Metrabase,CHOLIC ACID,CC(CCC(=O)O)C1CCC2C1(C(CC3C2C(CC4C3(CCC(C4)O)C)O)O)C,1
mbcd0001797,Metrabase,FEXOFENADINE,CC(C)(C1=CC=C(C=C1)C(CCCN2CCC(CC2)C(C3=CC=CC=C3)(C4=CC=CC=C4)O)O)C(=O)O,0
mbcd0002634,Metrabase,DARUNAVIR,CC(C)CN(CC(C(CC1=CC=CC=C1)NC(=O)OC2COC3C2CCO3)O)S(=O)(=O)C4=CC=C(C=C4)N,0
mbcd0002985,Metrabase,CARBAMAZEPINE,C1=CC=C2C(=C1)C=CC3=CC=CC=C3N2C(=O)N,0
mbcd0003003,Metrabase,BUPROPION,CC(C(=O)C1=CC(=CC=C1)Cl)NC(C)(C)C,0
mbcd0003007,Metrabase,PHENOBARBITAL,CCC1(C(=O)NC(=O)NC1=O)C2=CC=CC=C2,0
mbcd0003016,Metrabase,TETRACYCLINE,C[C@@]1([C@H]2C[C@H]3[C@@H](C(=O)C(=C([C@]3(C(=O)C2=C(C4=C1C=CC=C4O)O)O)O)C(=O)N)N(C)C)O,0
mbcd0003017,Metrabase,SALOZINAL,C1=CC(=C(C=C1N)C(=O)O)O,0
mbcd0003028,Metrabase,TENOFOVIR,CC(CN1C=NC2=C(N=CN=C21)N)OCP(=O)(O)O,0
mbcd0003113,Metrabase,DICLOFENAC,C1=CC=C(C(=C1)CC(=O)O)NC2=C(C=CC=C2Cl)Cl,0
mbcd0003124,Metrabase,ABACAVIR,C1CC1NC2=C3C(=NC(=N2)N)N(C=N3)C4CC(C=C4)CO,0
mbcd0003128,Metrabase,SOTALOL,CC(C)NCC(C1=CC=C(C=C1)NS(=O)(=O)C)O,0
mbcd0003138,Metrabase,NIZATIDINE,CNC(=C[N+](=O)[O-])NCCSCC1=CSC(=N1)CN(C)C,0
mbcd0012405,Metrabase,RALOXIFENE,C1CCN(CC1)CCOC2=CC=C(C=C2)C(=O)C3=C(SC4=C3C=CC(=C4)O)C5=CC=C(C=C5)O,0
mbcd0013986,Metrabase,LAMOTRIGINE,C1=CC(=C(C(=C1)Cl)Cl)C2=C(N=C(N=N2)N)N,0
mbcd0017980,Metrabase,CIPROFLOXACIN,C1CC1N2C=C(C(=O)C3=CC(=C(C=C32)N4CCNCC4)F)C(=O)O,0
mbcd0026020,Metrabase,ACETOCHLOR,CCC1=CC=CC(=C1N(COCC)C(=O)CCl)C,0
mbcd0026632,Metrabase,NELFINAVIR,CC1=C(C=CC=C1O)C(=O)NC(CSC2=CC=CC=C2)C(CN3CC4CCCCC4CC3C(=O)NC(C)(C)C)O,1
mbcd0027486,Metrabase,OLMESARTAN MEDOXOMIL,CCCC1=NC(=C(N1CC2=CC=C(C=C2)C3=CC=CC=C3C4=NNN=N4)C(=O)OCC5=C(OC(=O)O5)C)C(C)(C)O,1
mbcd0027726,Metrabase,DOCETAXEL,CC1=C2C(C(=O)C3(C(CC4C(C3C(C(C2(C)C)(CC1OC(=O)C(C(C5=CC=CC=C5)NC(=O)OC(C)(C)C)O)O)OC(=O)C6=CC=CC=C6)(CO4)OC(=O)C)O)C)O,1
mbcd0029125,Metrabase,PEMETREXED,C1=CC(=CC=C1CCC2=CNC3=C2C(=O)NC(=N3)N)C(=O)NC(CCC(=O)O)C(=O)O,1
mbcd0029339,Metrabase,ETHINYLESTRADIOL-3-O-SULFATE,CC12CCC3C(C1CCC2(C#C)O)CCC4=C3C=CC(=C4)OS(=O)(=O)O,0
mbcd0029345,Metrabase,URIC ACID,C12=C(NC(=O)N1)NC(=O)NC2=O,0
mbcd0029351,Metrabase,CALCEIN,C1=CC=C2C(=C1)C(=O)OC23C4=C(C=C(C(=C4)CN(CC(=O)O)CC(=O)O)O)OC5=C3C=C(C(=C5)O)CN(CC(=O)O)CC(=O)O,1
mbcd0029394,Metrabase,BENZO[A]PYRENE-3-SULFATE,C1=CC=C2C3=C4C(=CC2=C1)C=CC5=C(C=CC(=C54)C=C3)OS(=O)(=O)O,0
mbcd0029408,Metrabase,ALACHLOR,CCC1=C(C(=CC=C1)CC)N(COC)C(=O)CCl,0
mbcd0029409,Metrabase,DIMETHACHLOR,CC1=C(C(=CC=C1)C)N(CCOC)C(=O)CCl,0
mbcd0029410,Metrabase,METAZACHLOR,CC1=C(C(=CC=C1)C)N(CN2C=CC=N2)C(=O)CCl,0
mbcd0029411,Metrabase,METOLACHLOR,CCC1=CC=CC(=C1N(C(C)COC)C(=O)CCl)C,0
mbcd0029412,Metrabase,PROPACHLOR,CC(C)N(C1=CC=CC=C1)C(=O)CCl,0
mbcd0029413,Metrabase,PRYNACHLOR,CC(C#C)N(C1=CC=CC=C1)C(=O)CCl,0
mbcd0029420,Metrabase,(S)-GW1843,CC1=NC2=C(C3=C(C=CC(=C3)CNC4=CC5=C(C=C4)C(=O)N(C5)C(CCC(=O)O)C(=O)O)C=C2)C(=O)N1,1
mbcd0029455,Metrabase,9-NITROCAMPTOTHECIN,CCC1(C2=C(COC1=O)C(=O)N3CC4=CC5=C(C=CC=C5[N+](=O)[O-])N=C4C3=C2)O,0
mbcd0029456,Metrabase,HESPERETIN 7-O-GLUCURONIDE,COC1=C(C=C(C=C1)C2CC(=O)C3=C(C=C(C=C3O2)OC4C(C(C(C(O4)C(=O)O)O)O)O)O)O,1
mbcd0029766,Metrabase,RALTITREXED,CC1=NC2=C(C=C(C=C2)CN(C)C3=CC=C(S3)C(=O)N[C@@H](CCC(=O)O)C(=O)O)C(=O)N1,1
mbcd0029769,Metrabase,CHOLYL LYSYL FLUORESCEIN,CC(CCC(=O)NC(CCCCNC(=S)NC1=CC2=C(C=C1)C3(C4=C(C=C(C=C4)O)OC5=C3C=CC(=C5)O)OC2=O)C(=O)O)C6CCC7C6(C(CC8C7C(CC9C8(CCC(C9)O)C)O)O)C,1
mbcd0030066,Metrabase,BELOTECAN,CCC1(C2=C(COC1=O)C(=O)N3CC4=C(C5=CC=CC=C5N=C4C3=C2)CCNC(C)C)O,1
mbcd0030261,Metrabase,BCECF-AM,CC(=O)OCOC1=CC2=C(C=C1CCC(=O)OCOC(=O)C)C3(C4=C(C=C(C=C4)C(=O)OCOC(=O)C)C(=O)O3)C5=C(O2)C=C(C(=C5)CCC(=O)OCOC(=O)C)OCOC(=O)C,1
mbcd0031452,Metrabase,BCECF,C1=CC2=C(C=C1C(=O)O)C(=O)OC23C4=C(C=C(C(=C4)CCC(=O)O)O)OC5=C3C=C(C(=C5)O)CCC(=O)O,1
mbcd0031671,Metrabase,"RALOXIFENE-6,4'-DIGLUCURONIDE",C1CCN(CC1)CCOC2=CC=C(C=C2)C(=O)C3=C(SC4=C3C=CC(=C4)O[C@H]5[C@@H]([C@H]([C@@H]([C@H](O5)C(=O)O)O)O)O)C6=CC=C(C=C6)O[C@H]7[C@@H]([C@H]([C@@H]([C@H](O7)C(=O)O)O)O)O,0
CHEMBL177756,ChEMBL,FLUORESCEIN,C1=CC=C(C(=C1)C2=C3C=CC(=O)C=C3OC4=C2C=CC(=C4)O)C(=O)O,1
CHEMBL2074826,ChEMBL,,CN(CCCC(C[C@H]1[C@@H]([C@H]([C@@H]([C@H](O1)C(=O)O)O)O)O)C2=CN=CC=C2)N=O,1
CHEMBL463,ChEMBL,AMINOHIPPURIC ACID,C1=CC(=CC=C1C(=O)NCC(=O)O)N,1
mbcd0000080,Metrabase,5-CARBOXYFLUORESCEIN,C1=CC2=C(C=C1C(=O)O)C(=O)OC23C4=C(C=C(C=C4)O)OC5=C3C=CC(=C5)O,1
mbcd0002393,Metrabase,"BENZOIC ACID, 2-(6-AMINO-3-IMINO-3H-XANTHEN-9-YL)-, METHYL ESTER",COC(=O)C1=CC=CC=C1C2=C3C=CC(=N)C=C3OC4=C2C=CC(=C4)N,1
mbcd0002991,Metrabase,KETOPROFEN,CC(C1=CC(=CC=C1)C(=O)C2=CC=CC=C2)C(=O)O,0
mbcd0003013,Metrabase,IBUPROFEN,CC(C)CC1=CC=C(C=C1)C(C)C(=O)O,0
mbcd0003046,Metrabase,"2-AMINO-5,6,7,8-TETRAHYDRO-4H-[1]BENZOTHIENO[2,3-D][1,3]THIAZIN-4-ONE",C1CCC2=C(C1)C3=C(S2)N=C(SC3=O)N,0
mbcd0003071,Metrabase,"N-(5,6,7,8-TETRAHYDRO-4-OXO-4H-[1]BENZOTHIENO[2,3-D][1,3]THIAZIN-2-YL)-BENZAMIDE",C1CCC2=C(C1)C3=C(S2)N=C(SC3=O)NC(=O)C4=CC=CC=C4,0
mbcd0003074,Metrabase,GLYBURIDE,COC1=C(C=C(C=C1)Cl)C(=O)NCCC2=CC=C(C=C2)S(=O)(=O)NC(=O)NC3CCCCC3,0
mbcd0003106,Metrabase,FLURBIPROFEN,CC(C1=CC(=C(C=C1)C2=CC=CC=C2)F)C(=O)O,0
mbcd0003122,Metrabase,5-CARBOXYFLUORESCEIN DIACETATE,CC(=O)OC1=CC2=C(C=C1)C3(C4=C(C=C(C=C4)C(=O)O)C(=O)O3)C5=C(O2)C=C(C=C5)OC(=O)C,1
mbcd0031129,Metrabase,"5-CARBOXY-2',7'-DICHLOROFLUORESCEIN",C1=CC2=C(C=C1C(=O)O)C(=O)OC23C4=CC(=C(C=C4OC5=CC(=C(C=C35)Cl)O)O)Cl,1
mbcd0031130,Metrabase,"6-CARBOXY-2',7'-DICHLOROFLUORESCEIN",C1=CC2=C(C=C1C(=O)O)C3(C4=CC(=C(C=C4OC5=CC(=C(C=C53)Cl)O)O)Cl)OC2=O,1
mbcd0031441,Metrabase,"6-CARBOXY-2',7'-DICHOLOROFLUORESCEIN-DA",CC(=O)OC1=C(C=C2C(=C1)OC3=CC(=C(C=C3C24C5=C(C=CC(=C5)C(=O)O)C(=O)O4)Cl)OC(=O)C)Cl,1
mbcd0031443,Metrabase,5-CHLOROMETHYLFLUORESCEIN DIACETATE,CC(=O)OC1=CC2=C(C=C1)C3(C4=C(C=C(C=C4)CCl)C(=O)O3)C5=C(O2)C=C(C=C5)OC(=O)C,1
mbcd0031444,Metrabase,5-CHLOROMETHYLFLUORESCEIN,C1=CC2=C(C=C1CCl)C(=O)OC23C4=C(C=C(C=C4)O)OC5=C3C=CC(=C5)O,1
mbcd0031446,Metrabase,"5-CARBOXY-2',7'-DICHOLOROFLUORESCEIN-DA",CC(=O)OC1=C(C=C2C(=C1)OC3=CC(=C(C=C3C24C5=C(C=C(C=C5)C(=O)O)C(=O)O4)Cl)OC(=O)C)Cl,1
mbcd0031451,Metrabase,BCPCF,C1=CC2=C(C=C1C(=O)O)C(=O)OC23C4=C(C=C(C(=C4)CCCC(=O)O)O)OC5=C3C=C(C(=C5)O)CCCC(=O)O,1
CHEMBL1069,ChEMBL,VALSARTAN,CCCCC(=O)N(CC1=CC=C(C=C1)C2=CC=CC=C2C3=NNN=N3)C(C(C)C)C(=O)O,1
CHEMBL115,ChEMBL,INDINAVIR,CC(C)(C)NC(=O)C1CN(CCN1CC(CC(CC2=CC=CC=C2)C(=O)NC3C(CC4=CC=CC=C34)O)O)CC5=CN=CC=C5,1
CHEMBL1213271,ChEMBL,"2-AMINO-1-METHYL-6- PHENYLIMIDAZO[4,5- B]PYRIDINE",CN1C2=C(N=CC(=C2)C3=CC=CC=C3)N=C1N,1
CHEMBL1286,ChEMBL,LEVETIRACETAM,CCC(C(=O)N)N1CCCC1=O,0
CHEMBL1289926,ChEMBL,AXITINIB,CNC(=O)C1=CC=CC=C1SC2=CC3=C(C=C2)C(=NN3)C=CC4=CC=CC=N4,0
CHEMBL1516,ChEMBL,OLMESARTAN,CCCC1=NC(=C(N1CC2=CC=C(C=C2)C3=CC=CC=C3C4=NNN=N4)C(=O)O)C(C)(C)O,1
CHEMBL1543,ChEMBL,GLUTATHIONE,C(CC(=O)NC(CS)C(=O)NCC(=O)O)C(C(=O)O)N,1
CHEMBL159,ChEMBL,VINBLASTINE,CCC1(CC2CC(C3=C(CCN(C2)C1)C4=CC=CC=C4N3)(C5=C(C=C6C(=C5)C78CCN9C7C(C=CC9)(C(C(C8N6C)(C(=O)OC)O)OC(=O)C)CC)OC)C(=O)OC)O,1
CHEMBL163,ChEMBL,RITONAVIR,CC(C)C1=NC(=CS1)CN(C)C(=O)NC(C(C)C)C(=O)NC(CC2=CC=CC=C2)CC(C(CC3=CC=CC=C3)NC(=O)OCC4=CN=CS4)O,1
CHEMBL1679,ChEMBL,LEUCOVORIN,C1C(N(C2=C(N1)N=C(NC2=O)N)C=O)CNC3=CC=C(C=C3)C(=O)NC(CCC(=O)O)C(=O)O,1
CHEMBL1743143,ChEMBL,,CCC1=C2CN3C(=CC4=C(C3=O)COC(=O)C4(CC)O)C2=NC5=C1C=C(C=C5)OCC6C(C(C(C(O6)C(=O)O)O)O)O,1
CHEMBL2074711,ChEMBL,GREPAFLOXACIN GLUCURONIDE,CC1CN(CCN1)C2=C(C(=C3C(=C2)N(C=C(C3=O)C(=O)OC4C(C(C(C(O4)C(=O)O)O)O)O)C5CC5)C)F,1
CHEMBL2074720,ChEMBL,BILIRUBIN MONOGLUCURONIDE,CC1=C(NC(=C1CCC(=O)O)CC2=C(C(=C(N2)C=C3C(=C(C(=O)N3)C)C=C)C)CCC(=O)OC4C(C(C(C(O4)C(=O)O)O)O)O)C=C5C(=C(C(=O)N5)C=C)C,1
CHEMBL2074786,ChEMBL,,C1=CC(=O)N(C1=O)CCSCC(CNCC(=O)O)NC(=O)CCC(C(=O)O)N,1
CHEMBL2074811,ChEMBL,,CC(CCC(=O)NC(CCCCNC1=CC=C(C2=NON=C12)[N+](=O)[O-])COO)[C@H]3CC[C@@H]4[C@@]3(CC[C@H]5[C@H]4[C@@H](CC6[C@@]5(CC[C@H](C6)O)C)O)C,1
CHEMBL2074812,ChEMBL,,CC(CCC(=O)NCC(=O)NC1=CC(=C(C=C1)C2=C3C=CC(=O)C=C3OC4=C2C=CC(=C4)O)C(=O)O)[C@H]5CC[C@@H]6[C@@]5([C@H](C[C@H]7[C@H]6[C@@H](CC8[C@@]7(CC[C@H](C8)O)C)O)O)C,1
CHEMBL2074815,ChEMBL,,C1=CN2C(=CC(=O)N2C1=O)SC[C@H](C(=O)NCC(=O)O)NC(=O)CC[C@@H](C(=O)O)N,1
CHEMBL2074816,ChEMBL,Glutathione-methylfluorescein,C1=CC(=C(C=C1CSC[C@H](C(=O)NCC(=O)O)NC(=O)CC[C@@H](C(=O)O)N)C(=O)O)C2=C3C=CC(=O)C=C3OC4=C2C=CC(=C4)O,1
CHEMBL2074825,ChEMBL,,CC12CCC3C(C1CCC2(C#C)O)CCC4=C3C=CC(=C4)OC5C(C(C(C(O5)C(=O)O)O)O)O,1
CHEMBL2074945,ChEMBL,,COC1=C(C=C(C=C1O)C2C(CC3=C(C=C(C=C3O2)O)O)OC(=O)C4=CC(=C(C(=C4)O)OC)O)O,1
CHEMBL3038248,ChEMBL,,CC1=C(NC(=C1CCC(=O)OC2C(C(C(C(O2)C(=O)O)O)O)O)CC3=C(C(=C(N3)C=C4C(=C(C(=O)N4)C)C=C)C)CCC(=O)OC5C(C(C(C(O5)C(=O)O)O)O)O)C=C6C(=C(C(=O)N6)C=C)C,1
CHEMBL3526716,ChEMBL,,COC1=C(C=CC(=C1)OC[C@@H]2CNCC[C@H]2C3=CC=C(C=C3)F)O[C@H]4[C@@H]([C@H]([C@@H]([C@H](O4)C(=O)O)O)O)O,1
CHEMBL3526778,ChEMBL,,COC1=C(C=CC(=C1)OC[C@@H]2CNCC[C@H]2C3=CC=C(C=C3)F)OS(=O)(=O)O,0
CHEMBL36327,ChEMBL,EPICATECHIN GALLATE,C1C(C(OC2=CC(=CC(=C21)O)O)C3=CC(=C(C=C3)O)O)OC(=O)C4=CC(=C(C(=C4)O)O)O,1
CHEMBL4173075,ChEMBL,,CS(=O)(=O)C1=C2C(C(CC2=C(C=C1)OC3=CC(=CC(=C3)C#N)F)(F)F)O,0
CHEMBL4548482,ChEMBL,,CS(=O)(=O)C1=C2[C@@H](C(CC2=C(C=C1)OC3=CC(=CC(=C3)C#N)F)(F)F)O[C@H]4[C@@H]([C@H]([C@@H]([C@H](O4)C(=O)O)O)O)O,1
CHEMBL495936,ChEMBL,LEUKOTRIEN C4,CCCCCC=CCC=CC=CC=CC(C(CCCC(=O)O)O)SCC(C(=O)NCC(=O)O)NC(=O)CCC(C(=O)O)N,1
CHEMBL509919,ChEMBL,,CC1=CC(=C(C=C1)N(CC(=O)O)CC(=O)O)OCCOC2=C(C=CC(=C2)C3=C4C=C(C(=O)C=C4OC5=CC(=C(C=C53)Cl)O)Cl)N(CC(=O)O)CC(=O)O,1
CHEMBL559294,ChEMBL,,COC1=C(C=C(C=C1O)C(=O)OC2CC3=C(C=C(C=C3OC2C4=CC(=C(C(=C4)O)O)O)O)O)O,1
CHEMBL589366,ChEMBL,3R14S-OCHRATOXIN A,CC1CC2=C(C=C(C(=C2C(=O)O1)O)C(=O)NC(CC3=CC=CC=C3)C(=O)O)Cl,1
CHEMBL832,ChEMBL,SULFINPYRAZONE,C1=CC=C(C=C1)N2C(=O)C(C(=O)N2C3=CC=CC=C3)CCS(=O)C4=CC=CC=C4,1
CHEMBL897,ChEMBL,PROBENECID,CCCN(CCC)S(=O)(=O)C1=CC=C(C=C1)C(=O)O,1
CHEMBL90555,ChEMBL,VINCRISTINE,CCC1(CC2CC(C3=C(CCN(C2)C1)C4=CC=CC=C4N3)(C5=C(C=C6C(=C5)C78CCN9C7C(C=CC9)(C(C(C8N6C=O)(C(=O)OC)O)OC(=O)C)CC)OC)C(=O)OC)O,1
mbcd0000100,Metrabase,9-AMINOCAMPTOTHECIN,CCC1(C2=C(COC1=O)C(=O)N3CC4=CC5=C(C=CC=C5N=C4C3=C2)N)O,0
mbcd0000124,Metrabase,ALBENDAZOLE SULPHOXIDE,CCCS(=O)C1=CC2=C(C=C1)N=C(N2)NC(=O)OC,0
mbcd0000199,Metrabase,BQ-123,CC(C)CC1C(=O)NC(C(=O)NC(C(=O)N2CCCC2C(=O)NC(C(=O)N1)C(C)C)CC(=O)O)CC3=CNC4=CC=CC=C43,1
mbcd0000231,Metrabase,CEFODIZIME,CC1=C(SC(=N1)SCC2=C(N3C(C(C3=O)NC(=O)C(=NOC)C4=CSC(=N4)N)SC2)C(=O)O)CC(=O)O,1
mbcd0000462,Metrabase,GLYCYRRHIZIC ACID,CC1(C2CCC3(C(C2(CCC1OC4C(C(C(C(O4)C(=O)O)O)O)OC5C(C(C(C(O5)C(=O)O)O)O)O)C)C(=O)C=C6C3(CCC7(C6CC(CC7)(C)C(=O)O)C)C)C)C,1
mbcd0000542,Metrabase,LOVASTATIN ACID,CCC(C)C(=O)OC1CC(C=C2C1C(C(C=C2)C)CCC(CC(CC(=O)O)O)O)C,0
mbcd0000603,Metrabase,N-ETHYLMALEIMIDE-GS,CCN1C(=O)CC(C1=O)SCC(C(=O)NCC(=O)O)NC(=O)CCC(C(=O)O)N,1
mbcd0000627,Metrabase,NNAL-O-GLUCURONIDE,CN(CCCC(C1=CN=CC=C1)OC2C(C(C(C(O2)C(=O)O)O)O)O)N=O,1
mbcd0000675,Metrabase,PHALLOIDIN,CC1C(=O)NC2CC3=C(NC4=CC=CC=C34)SCC(C(=O)N5CC(CC5C(=O)N1)O)NC(=O)C(NC(=O)C(NC(=O)C(NC2=O)CC(C)(CO)O)C)C(C)O,1
mbcd0000713,Metrabase,PROSTAGLANDIN A1,CCCCCC(C=CC1=C(C(=O)CC1)CCCCCCC(=O)O)O,0
mbcd0000719,Metrabase,PROSTAGLANDIN F2ALPHA,CCCCCC(C=CC1C(CC(C1CC=CCCCC(=O)O)O)O)O,0
mbcd0000757,Metrabase,S-DECYL-GLUTATHIONE,CCCCCCCCCCSCC(C(=O)NCC(=O)O)NC(=O)CCC(C(=O)O)N,1
mbcd0000772,Metrabase,SIMVASTATIN ACID,CCC(C)(C)C(=O)OC1CC(C=C2C1C(C(C=C2)C)CCC(CC(CC(=O)O)O)O)C,0
mbcd0000819,Metrabase,TAUROLITHOCHOLIC ACID 3-SULFATE,CC(CCC(=O)NCCS(=O)(=O)O)C1CCC2C1(CCC3C2CCC4C3(CCC(C4)OS(=O)(=O)O)C)C,1
mbcd0000824,Metrabase,TEMOCAPRILAT,C1C(SCC(C(=O)N1CC(=O)O)NC(CCC2=CC=CC=C2)C(=O)O)C3=CC=CS3,1
mbcd0000928,Metrabase,NICOTINE,CN1CCCC1C2=CN=CC=C2,0
mbcd0001021,Metrabase,OMEPRAZOLE,CC1=CN=C(C(=C1OC)C)CS(=O)C2=NC3=C(N2)C=C(C=C3)OC,0
mbcd0001107,Metrabase,ZIDOVUDINE,CC1=CN(C(=O)NC1=O)C2CC(C(O2)CO)N=[N+]=[N-],0
mbcd0001173,Metrabase,MEDROXYPROGESTERONE,CC1CC2C(CCC3(C2CCC3(C(=O)C)O)C)C4(C1=CC(=O)CC4)C,0
mbcd0001267,Metrabase,ALPROSTADIL,CCCCCC(C=CC1C(CC(=O)C1CCCCCCC(=O)O)O)O,0
mbcd0001353,Metrabase,SALICYLIC ACID,C1=CC=C(C(=C1)C(=O)O)O,0
mbcd0001532,Metrabase,PACLITAXEL,CC1=C2C(C(=O)C3(C(CC4C(C3C(C(C2(C)C)(CC1OC(=O)C(C(C5=CC=CC=C5)NC(=O)C6=CC=CC=C6)O)O)OC(=O)C7=CC=CC=C7)(CO4)OC(=O)C)O)C)OC(=O)C,1
mbcd0001664,Metrabase,TAUROCHOLIC ACID,CC(CCC(=O)NCCS(=O)(=O)O)C1CCC2C1(C(CC3C2C(CC4C3(CCC(C4)O)C)O)O)C,1
mbcd0001677,Metrabase,5-METHYLTETRAHYDROFOLATE,CN1C(CNC2=C1C(=O)NC(=N2)N)CNC3=CC=C(C=C3)C(=O)NC(CCC(=O)O)C(=O)O,1
mbcd0001777,Metrabase,HALOPERIDOL,C1CN(CCC1(C2=CC=C(C=C2)Cl)O)CCCC(=O)C3=CC=C(C=C3)F,0
mbcd0001846,Metrabase,"BENZOIC ACID, 4-[[[4-[2-(3,4-DIHYDRO-6,7-DIMETHOXY-2(1H)-ISOQUINOLINYL)ETHYL]PHENYL]AMINO]CARBONYL]-2-[(2-PYRAZINYLCARBONYL)AMINO]-, METHYL ESTER",COC1=C(C=C2CN(CCC2=C1)CCC3=CC=C(C=C3)NC(=O)C4=CC(=C(C=C4)C(=O)OC)NC(=O)C5=NC=CN=C5)OC,0
mbcd0002104,Metrabase,TARIQUIDAR,COC1=C(C=C2CN(CCC2=C1)CCC3=CC=C(C=C3)NC(=O)C4=CC(=C(C=C4NC(=O)C5=CC6=CC=CC=C6N=C5)OC)OC)OC,0
mbcd0002130,Metrabase,"BENZOIC ACID, 4-[[[4-[2-(3,4-DIHYDRO-6,7-DIMETHOXY-2(1H)-ISOQUINOLINYL)ETHYL]PHENYL]AMINO]CARBONYL]-2-[(3-QUINOLINYLCARBONYL)AMINO]-, METHYL ESTER",COC1=C(C=C2CN(CCC2=C1)CCC3=CC=C(C=C3)NC(=O)C4=CC(=C(C=C4)C(=O)OC)NC(=O)C5=CC6=CC=CC=C6N=C5)OC,0
mbcd0002145,Metrabase,"3-QUINOLINECARBOXAMIDE,N-[5-[[[4-[2-(3,4-DIHYDRO-6,7-DIMETHOXY-2(1H)-ISOQUINOLINYL)ETHYL]PHENYL]AMINO]CARBONYL]-2-METHYLPHENYL]-",CC1=C(C=C(C=C1)C(=O)NC2=CC=C(C=C2)CCN3CCC4=CC(=C(C=C4C3)OC)OC)NC(=O)C5=CC6=CC=CC=C6N=C5,0
mbcd0002241,Metrabase,LOPINAVIR,CC1=C(C(=CC=C1)C)OCC(=O)NC(CC2=CC=CC=C2)C(CC(CC3=CC=CC=C3)NC(=O)C(C(C)C)N4CCCNC4=O)O,1
mbcd0002422,Metrabase,FUMITREMORGIN C,CC(=CC1C2=C(CC3N1C(=O)C4CCCN4C3=O)C5=C(N2)C=C(C=C5)OC)C,0
mbcd0002436,Metrabase,"3-QUINOLINECARBOXAMIDE,N-[5-[[[4-[2-(3,4-DIHYDRO-6,7-DIMETHOXY-2(1H)-ISOQUINOLINYL)ETHYL]PHENYL]AMINO]CARBONYL]-2,3-DIMETHOXYPHENYL]-",COC1=CC(=CC(=C1OC)NC(=O)C2=CC3=CC=CC=C3N=C2)C(=O)NC4=CC=C(C=C4)CCN5CCC6=CC(=C(C=C6C5)OC)OC,0
mbcd0002595,Metrabase,"3-QUINOLINECARBOXAMIDE,N-[3-[[[4-[2-(3,4-DIHYDRO-6,7-DIMETHOXY-2(1H)-ISOQUINOLINYL)ETHYL]PHENYL]AMINO]CARBONYL]-5-METHOXYPHENYL]-",COC1=CC(=CC(=C1)NC(=O)C2=CC3=CC=CC=C3N=C2)C(=O)NC4=CC=C(C=C4)CCN5CCC6=CC(=C(C=C6C5)OC)OC,0
mbcd0002667,Metrabase,COLCHICINE,CC(=O)NC1CCC2=CC(=C(C(=C2C3=CC=C(C(=O)C=C13)OC)OC)OC)OC,0
mbcd0002765,Metrabase,"3-QUINOLINECARBOXAMIDE,N-[5-[[[4-[2-(3,4-DIHYDRO-6,7-DIMETHOXY-2(1H)-ISOQUINOLINYL)ETHYL]PHENYL]AMINO]CARBONYL]-2-METHOXYPHENYL]-",COC1=C(C=C(C=C1)C(=O)NC2=CC=C(C=C2)CCN3CCC4=CC(=C(C=C4C3)OC)OC)NC(=O)C5=CC6=CC=CC=C6N=C5,0
mbcd0002982,Metrabase,LAMIVUDINE,C1C(OC(S1)CO)N2C=CC(=NC2=O)N,0
mbcd0002983,Metrabase,ISONIAZID,C1=CN=CC=C1C(=O)NN,0
mbcd0002990,Metrabase,GLUTATHIONE-S-S-GLUTATHIONE,C(CC(=O)NC(CSSCC(C(=O)NCC(=O)O)NC(=O)CCC(C(=O)O)N)C(=O)NCC(=O)O)C(C(=O)O)N,1
mbcd0002997,Metrabase,TERAZOSIN,COC1=C(C=C2C(=C1)C(=NC(=N2)N3CCN(CC3)C(=O)C4CCCO4)N)OC,0
mbcd0003002,Metrabase,(-)-RITODRINE,CC(C(C1=CC=C(C=C1)O)O)NCCC2=CC=C(C=C2)O,0
mbcd0003012,Metrabase,PARACETAMOL GLUCURONIDE,CC(=O)NC1=CC=C(C=C1)OC2C(C(C(C(O2)C(=O)O)O)O)O,1
mbcd0003030,Metrabase,SULINDAC SULPHONE,CC1=C(C2=C(C1=CC3=CC=C(C=C3)S(=O)(=O)C)C=CC(=C2)F)CC(=O)O,0
mbcd0003035,Metrabase,BROMOSULFOPHTHALEIN,C1=CC(=C(C=C1C2(C3=C(C(=C(C(=C3Br)Br)Br)Br)C(=O)O2)C4=CC(=C(C=C4)O)S(=O)(=O)O)S(=O)(=O)O)O,1
mbcd0003037,Metrabase,N-METHYLNICOTINAMIDE,CNC(=O)C1=CN=CC=C1,0
mbcd0003056,Metrabase,ATOMOXETINE,CC1=CC=CC=C1OC(CCNC)C2=CC=CC=C2,0
mbcd0003062,Metrabase,CHELERYTHRINE,C[N+]1=C2C(=C3C=CC(=C(C3=C1)OC)OC)C=CC4=CC5=C(C=C42)OCO5,1
mbcd0003083,Metrabase,AMANTADINE,C1C2CC3CC1CC(C2)(C3)N,0
mbcd0003088,Metrabase,CHLOROQUINE,CCN(CC)CCCC(C)NC1=C2C=CC(=CC2=NC=C1)Cl,0
mbcd0003090,Metrabase,P-NITROPHENYL GLUCURONIDE,C1=CC(=CC=C1[N+](=O)[O-])OC2C(C(C(C(O2)C(=O)O)O)O)O,1
mbcd0003095,Metrabase,SULFANITRAN,CC(=O)NC1=CC=C(C=C1)S(=O)(=O)NC2=CC=C(C=C2)[N+](=O)[O-],0
mbcd0003096,Metrabase,PREDNISOLONE,CC12CC(C3C(C1CCC2(C(=O)CO)O)CCC4=CC(=O)C=CC34C)O,0
mbcd0003097,Metrabase,OXAZEPAM,C1=CC=C(C=C1)C2=NC(C(=O)NC3=C2C=C(C=C3)Cl)O,0
mbcd0003099,Metrabase,ERLOTINIB,COCCOC1=C(C=C2C(=C1)C(=NC=N2)NC3=CC=CC(=C3)C#C)OCCOC,0
mbcd0003115,Metrabase,TRIMETHOPRIM,COC1=CC(=CC(=C1OC)OC)CC2=CN=C(N=C2N)N,0
mbcd0003116,Metrabase,GENISTEIN,C1=CC(=CC=C1C2=COC3=CC(=CC(=C3C2=O)O)O)O,0
mbcd0003126,Metrabase,PRAVASTATIN,CCC(C)C(=O)OC1CC(C=C2C1C(C(C=C2)C)CCC(CC(CC(=O)O)O)O)O,1
mbcd0003130,Metrabase,CAPLARIL,C1NC2=CC(=C(C=C2S(=O)(=O)N1)S(=O)(=O)N)Cl,0
mbcd0003131,Metrabase,CYCLO(N-METHYL-ALA-TYR-D-TRP-LYS-VAL-PHE),CC1C(=O)NC(C(=O)NC(C(=O)NC(C(=O)NC(C(=O)NC(C(=O)N1C)CC2=CC=CC=C2)C(C)C)CCCCN)CC3=CNC4=CC=CC=C43)CC5=CC=C(C=C5)O,0
mbcd0003134,Metrabase,PENICILLIN G,CC1(C(N2C(S1)C(C2=O)NC(=O)CC3=CC=CC=C3)C(=O)O)C,0
mbcd0003139,Metrabase,TAXIFOLIN,C1=CC(=C(C=C1C2C(C(=O)C3=C(C=C(C=C3O2)O)O)O)O)O,1
mbcd0003140,Metrabase,DROLONE,CC12CCC3C(C1CCC2O)CCC4=CC(=O)CCC34,0
mbcd0003141,Metrabase,DISOPYRAMIDE,CC(C)N(CCC(C1=CC=CC=C1)(C2=CC=CC=N2)C(=O)N)C(C)C,0
mbcd0003142,Metrabase,CAPTOPRIL,CC(CS)C(=O)N1CCCC1C(=O)O,0
mbcd0003622,Metrabase,AMPICILLIN,CC1(C(N2C(S1)C(C2=O)NC(=O)C(C3=CC=CC=C3)N)C(=O)O)C,1
mbcd0003773,Metrabase,CEFTRIAXONE,CN1C(=NC(=O)C(=O)N1)SCC2=C(N3C(C(C3=O)NC(=O)C(=NOC)C4=CSC(=N4)N)SC2)C(=O)O,1
mbcd0003959,Metrabase,FOLIC ACID,C1=CC(=CC=C1C(=O)NC(CCC(=O)O)C(=O)O)NCC2=CN=C3C(=N2)C(=O)NC(=N3)N,1
mbcd0003968,Metrabase,CREATININE,CN1CC(=O)N=C1N,0
mbcd0004042,Metrabase,PHLORIZIN,C1=CC(=CC=C1CCC(=O)C2=C(C=C(C=C2OC3C(C(C(C(O3)CO)O)O)O)O)O)O,1
mbcd0004707,Metrabase,TELMISARTAN GLUCURONIDE,CCCC1=NC2=C(N1CC3=CC=C(C=C3)C4=CC=CC=C4C(=O)OC5C(C(C(C(O5)C(=O)O)O)O)O)C=C(C=C2C)C6=NC7=CC=CC=C7N6C,1
mbcd0005183,Metrabase,DAUNORUBICIN,CC1C(C(CC(O1)OC2CC(CC3=C2C(=C4C(=C3O)C(=O)C5=C(C4=O)C(=CC=C5)OC)O)(C(=O)C)O)N)O,0
mbcd0006583,Metrabase,TOLMETINE,CC1=CC=C(C=C1)C(=O)C2=CC=C(N2C)CC(=O)O,0
mbcd0015401,Metrabase,CILOSTAZOL,C1CCC(CC1)N2C(=NN=N2)CCCCOC3=CC4=C(C=C3)NC(=O)CC4,0
mbcd0020601,Metrabase,CAMPTOTHECIN,CCC1(C2=C(COC1=O)C(=O)N3CC4=CC5=CC=CC=C5N=C4C3=C2)O,1
mbcd0022900,Metrabase,PANTOPRAZOLE,COC1=C(C(=NC=C1)CS(=O)C2=NC3=C(N2)C=C(C=C3)OC(F)F)OC,0
mbcd0023123,Metrabase,CERIVASTATIN,CC(C)C1=C(C(=C(C(=N1)C(C)C)COC)C2=CC=C(C=C2)F)C=CC(CC(CC(=O)O)O)O,1
mbcd0023817,Metrabase,PHENYLBUTAZONE,CCCCC1C(=O)N(N(C1=O)C2=CC=CC=C2)C3=CC=CC=C3,0
mbcd0025734,Metrabase,(S)-ZEARALENONE,CC1CCCC(=O)CCCC=CC2=C(C(=CC(=C2)O)O)C(=O)O1,1
mbcd0025833,Metrabase,SITAGLIPTIN,C1CN2C(=NN=C2C(F)(F)F)CN1C(=O)CC(CC3=CC(=C(C=C3F)F)F)N,0
mbcd0026093,Metrabase,ATORVASTATIN,CC(C)C1=C(C(=C(N1CCC(CC(CC(=O)O)O)O)C2=CC=C(C=C2)F)C3=CC=CC=C3)C(=O)NC4=CC=CC=C4,0
mbcd0027248,Metrabase,ETODOLAC,CCC1=C2C(=CC=C1)C3=C(N2)C(OCC3)(CC)CC(=O)O,0
mbcd0027319,Metrabase,SUNITINIB,CCN(CC)CCNC(=O)C1=C(NC(=C1C)C=C2C3=C(C=CC(=C3)F)NC2=O)C,0
mbcd0028157,Metrabase,AZITHROMYCIN,CCC1C(C(C(N(CC(CC(C(C(C(C(C(=O)O1)C)OC2CC(C(C(O2)C)O)(C)OC)C)OC3C(C(CC(O3)C)N(C)C)O)(C)O)C)C)C)O)(C)O,1
mbcd0028570,Metrabase,IRBESARTAN,CCCCC1=NC2(CCCC2)C(=O)N1CC3=CC=C(C=C3)C4=CC=CC=C4C5=NNN=N5,0
mbcd0029079,Metrabase,TRANILAST,COC1=C(C=C(C=C1)C=CC(=O)NC2=CC=CC=C2C(=O)O)OC,0
mbcd0029142,Metrabase,(-)-EPIGALLOCATECHIN GALLATE,C1C(C(OC2=CC(=CC(=C21)O)O)C3=CC(=C(C(=C3)O)O)O)OC(=O)C4=CC(=C(C(=C4)O)O)O,1
mbcd0029239,Metrabase,GATIFLOXACIN,CC1CN(CCN1)C2=C(C=C3C(=C2OC)N(C=C(C3=O)C(=O)O)C4CC4)F,1
mbcd0029315,Metrabase,4-(METHYLNITROSAMINO)-1-(3-PYRIDYL)-1-BUTANONE,CN(CCCC(=O)C1=CN=CC=C1)N=O,1
mbcd0029343,Metrabase,METHOTREXATE DIGLUTAMATE,CN(CC1=CN=C2C(=N1)C(=NC(=N2)N)N)C3=CC=C(C=C3)C(=O)NC(CCC(=O)NC(CCC(=O)NC(CCC(=O)O)C(=O)O)C(=O)O)C(=O)O,0
mbcd0029346,Metrabase,"GAMMA-GLUTAMYL-S-(1,15-DIHYDROXY-1,9-DIOXOPROST-13-EN-11-YL)CYSTEINYLGLYCINE",CCCCCC(C=CC1C(CC(=O)C1CCCCCCC(=O)O)SCC(C(=O)NCC(=O)O)NC(=O)CCC(C(=O)O)N)O,1
mbcd0029347,Metrabase,BETA-ESTRADIOL 3-(BETA-D-GLUCURONIDE),CC12CCC3C(C1CCC2O)CCC4=C3C=CC(=C4)OC5C(C(C(C(O5)C(=O)O)O)O)O,1
mbcd0029352,Metrabase,ETHACRYNIC ACID-GLUTATHIONE,CCC(CSCC(C(=O)NCC(=O)O)NC(=O)CCC(C(=O)O)N)C(=O)C1=C(C(=C(C=C1)OCC(=O)O)Cl)Cl,1
mbcd0029361,Metrabase,MONOGLUTATHIONYL-CHLORAMBUCIL,C1=CC(=CC=C1CCCC(=O)O)N(CCSCC(C(=O)NCC(=O)O)NC(=O)CCC(C(=O)O)N)CCCl,1
mbcd0029368,Metrabase,CHRYSIN GLUCURONIDE,C1=CC=C(C=C1)C2=CC(=O)C3=C(C=C(C=C3O2)OC4C(C(C(C(O4)C(=O)O)O)O)O)O,1
mbcd0029369,Metrabase,CHRYSIN SULFATE,C1=CC=C(C=C1)C2=CC(=O)C3=C(C=C(C=C3O2)OS(=O)(=O)O)O,1
mbcd0029370,Metrabase,QUERCETIN 4'-BETA-GLUCOSIDE,C1=CC(=C(C=C1C2=C(C(=O)C3=C(C=C(C=C3O2)O)O)O)O)OC4C(C(C(C(O4)CO)O)O)O,1
mbcd0029371,Metrabase,GENISTEIN-7-GLUCOSIDE,C1=CC(=CC=C1C2=COC3=CC(=CC(=C3C2=O)O)OC4C(C(C(C(O4)CO)O)O)O)O,1
mbcd0029379,Metrabase,MELAMINE,C1(=NC(=NC(=N1)N)N)N,0
mbcd0029380,Metrabase,DEOXYNIVALENOL,CC1=CC2C(C(C1=O)O)(C3(CC(C(C34CO4)O2)O)C)CO,1
mbcd0029393,Metrabase,BENZO[A]PYRENE-1-SULFATE,C1=CC=C2C3=C4C(=CC2=C1)C=CC5=C4C(=C(C=C5)OS(=O)(=O)O)C=C3,0
mbcd0029395,Metrabase,MORPHINE-3-GLUCURONIDE,CN1CCC23C4C1CC5=C2C(=C(C=C5)OC6C(C(C(C(O6)C(=O)O)O)O)O)OC3C(C=C4)O,1
mbcd0029399,Metrabase,"5,5-DIPHENYLBARBITURIC ACID",C1=CC=C(C=C1)C2(C(=O)NC(=O)NC2=O)C3=CC=CC=C3,0
mbcd0029400,Metrabase,"1-METHOXYMETHYL-5,5-DIPHENYLBARBITURIC ACID",COCN1C(=O)C(C(=O)NC1=O)(C2=CC=CC=C2)C3=CC=CC=C3,0
mbcd0029401,Metrabase,"1,3-DIMETHOXYMETHYL-5,5-DIPHENYLBARBITURIC ACID",COCN1C(=O)C(C(=O)N(C1=O)COC)(C2=CC=CC=C2)C3=CC=CC=C3,0
mbcd0029417,Metrabase,2-CHLORO-N-(2-METHYL-6-ETHYLPHENYL)ACETAMIDE-CYS,CCC1=CC=CC(=C1NC(=O)CSCC(C(=O)O)N)C,0
mbcd0029418,Metrabase,NIVALENOL,CC1=CC2C(C(C1=O)O)(C3(C(C(C(C34CO4)O2)O)O)C)CO,1
mbcd0029421,Metrabase,MORPHINE-6-GLUCURONIDE,CN1CCC23C4C1CC5=C2C(=C(C=C5)O)OC3C(C=C4)OC6C(C(C(C(O6)C(=O)O)O)O)O,0
mbcd0029422,Metrabase,GEMIFLOXACIN,CON=C1CN(CC1CN)C2=C(C=C3C(=O)C(=CN(C3=N2)C4CC4)C(=O)O)F,1
mbcd0029425,Metrabase,EZETIMIBE GLUCURONIDE,C1=CC(=CC=C1C2C(C(=O)N2C3=CC=C(C=C3)F)CCC(C4=CC=C(C=C4)F)O)OC5C(C(C(C(O5)C(=O)O)O)O)O,1
mbcd0029428,Metrabase,GLUTARIC ACID,C(CC(=O)O)CC(=O)O,0
mbcd0029429,Metrabase,3-HYDROXYGLUTARIC ACID,C(C(CC(=O)O)O)C(=O)O,0
mbcd0029430,Metrabase,METHYLMALONIC ACID,CC(C(=O)O)C(=O)O,0
mbcd0029457,Metrabase,HESPERETIN 3'-O-GLUCURONIDE,COC1=C(C=C(C=C1)C2CC(=O)C3=C(C=C(C=C3O2)O)O)OC4C(C(C(C(O4)C(=O)O)O)O)O,1
mbcd0029458,Metrabase,PENTAGALLOYL GLUCOSE,C1=C(C=C(C(=C1O)O)O)C(=O)OCC2C(C(C(C(O2)OC(=O)C3=CC(=C(C(=C3)O)O)O)OC(=O)C4=CC(=C(C(=C4)O)O)O)OC(=O)C5=CC(=C(C(=C5)O)O)O)OC(=O)C6=CC(=C(C(=C6)O)O)O,1
mbcd0029754,Metrabase,TAUROCHENODEOXYCHOLATE SULFATE,CC(CCC(=O)NCCS(=O)(=O)O)C1CCC2C1(CCC3C2C(CC4C3(CCC(C4)OS(=O)(=O)O)C)O)C,1
mbcd0030256,Metrabase,BIOCHANIN A SULFATE,COC1=CC=C(C=C1)C2=COC3=C(C2=O)C(=C(C(=C3)O)OS(=O)(=O)O)O,0
mbcd0030392,Metrabase,METHOTREXATE TRIGLUTAMATE,CN(CC1=CN=C2C(=N1)C(=NC(=N2)N)N)C3=CC=C(C=C3)C(=O)NC(CCC(=O)NC(CCC(=O)NC(CCC(=O)NC(CCC(=O)O)C(=O)O)C(=O)O)C(=O)O)C(=O)O,0
mbcd0030510,Metrabase,ENNIATIN B1,CCC(C)C1C(=O)OC(C(=O)N(C(C(=O)OC(C(=O)N(C(C(=O)OC(C(=O)N1C)C(C)C)C(C)C)C)C(C)C)C(C)C)C)C(C)C,1
mbcd0031101,Metrabase,"1H-BENZ[E]INDOLIUM, 2-[7-[1,3-DIHYDRO-1,1-DIMETHYL-3-(4-SULFOBUTYL)-2H-BENZ[E]INDOL-2-YLIDENE]-1,3,5-HEPTATRIEN-1-YL]-1,1-DIMETHYL-3-(4-SULFOBUTYL)-",CC1(C(=[N+](C2=C1C3=CC=CC=C3C=C2)CCCCS(=O)(=O)O)C=CC=CC=CC=C4C(C5=C(N4CCCCS(=O)(=O)O)C=CC6=CC=CC=C65)(C)C)C,1
mbcd0031199,Metrabase,INDOMETHACIN GLUCURONIDE,CC1=C(C2=C(N1C(=O)C3=CC=C(C=C3)Cl)C=CC(=C2)OC)CC(=O)OC4C(C(C(C(O4)C(=O)O)O)O)O,1
mbcd0031261,Metrabase,LEUKOTRIEN D4,CCCCCC=CCC=CC=CC=CC(C(CCCC(=O)O)O)SCC(C(=O)NCC(=O)O)N,1
mbcd0031262,Metrabase,N-ACETYL LEUKOTRIENE E4,CCCCCC=CCC=CC=CC=CC(C(CCCC(=O)O)O)SCC(C(=O)O)NC(=O)C,1
mbcd0031276,Metrabase,CYCLO[D-TRP-D-ASP-L-HYP(L-ARG)-D-VAL-L-LEU],CC(C)CC1C(=O)NC(C(=O)NC(C(=O)N2CC(CC2C(=O)NC(C(=O)N1)C(C)C)OC(=O)C(CCCN=C(N)N)N)CC(=O)O)CC3=CNC4=CC=CC=C43,0
mbcd0031306,Metrabase,S 4048,C1C(C1C2=CC=C(C=C2)Cl)COC3(CC(C(C(C3)OC(=O)C=C(C4=CC=CC=C4)N5C=NC6=C5C=CC=N6)O)O)C(=O)O,0
mbcd0031315,Metrabase,PROSTAGLANDIN F1ALPHA,CCCCCC(C=CC1C(CC(C1CCCCCCC(=O)O)O)O)O,0
mbcd0031320,Metrabase,PEMIROLAST,CC1=CC=CN2C1=NC=C(C2=O)C3=NNN=N3,1
mbcd0031349,Metrabase,OLAMUFLOXACIN,CC1=C2C(=C(C(=C1N3CC(C4(C3)CC4)N)F)N)C(=O)C(=CN2C5CC5)C(=O)O,1
mbcd0031431,Metrabase,ACETAMINOPHEN GLUTATHIONE,CC(=O)NC1=CC=C(C=C1)SCC(C(=O)NCC(=O)O)NC(=O)CCC(C(=O)O)N,1
mbcd0031434,Metrabase,"9-METHYL-4-OXO-4H-PYRIDO[1,2-A]PYRIMIDINE-3-CARBONITRILE",CC1=CC=CN2C1=NC=C(C2=O)C#N,0
mbcd0031520,Metrabase,"2-[(3,7-DIHYDROXY-24-OXOCHOLAN-24-YL)AMINO]ETHANESULFONIC ACID",CC(CCC(=O)NCCS(=O)(=O)O)C1CCC2C1(CCC3C2C(CC4C3(CCC(C4)O)C)O)C,1
mbcd0031526,Metrabase,ZEARALENOL (NO STEREO),CC1CCCC(CCCC=CC2=C(C(=CC(=C2)O)O)C(=O)O1)O,1
mbcd0031535,Metrabase,CATECHIN (NO STEREO),C1C(C(OC2=CC(=CC(=C21)O)O)C3=CC(=C(C=C3)O)O)O,1
mbcd0031536,Metrabase,EPIRUBICIN (NO STEREO),CC1C(C(CC(O1)OC2CC(CC3=C2C(=C4C(=C3O)C(=O)C5=C(C4=O)C(=CC=C5)OC)O)(C(=O)CO)O)N)O,1
mbcd0031698,Metrabase,VALACYCLOVIR (NO STEREO),CC(C)C(C(=O)OCCOCN1C=NC2=C1N=C(NC2=O)N)N,0
