smiles,label,type,pChEMBL,n_records,chembl_ids
CC(C)c1onc(-c2c(Cl)cccc2Cl)c1COc1ccc(/C=C/c2cccc(C(=O)O)c2)c(Cl)c1,1,IC50,7.7,62,CHEMBL318457
CC(=O)O[C@@H]1CC2[C@@]3(C)CCCC(C)(C)C3CC[C@@]2(C)C2CC=C3CO[C@@H](O)[C@@H]3[C@]21C,0,IC50,4.09,1,CHEMBL413656
CC(=O)OC[C@@]12CCC3C(C)(C)CCC[C@]3(C)C1C[C@@H](O)[C@@]1(C)C2CC=C2CO[C@@H](O)[C@@H]21,0,IC50,4.6,1,CHEMBL216782
CO[C@@H]1OCC2=CCC3[C@]4(C)CCC5C(C)(C)CCC[C@]5(C)C4C[C@@H](O)[C@]3(C)[C@H]21,0,IC50,4.61,1,CHEMBL218308
CC1(C)CCC[C@@]2(C)C1CC[C@]1(CO)C2C[C@@H](O)[C@@]2(C)C1CC=C1CO[C@@H](O)[C@@H]12,0,IC50,4.19,1,CHEMBL219377
CC1(C)CCC[C@]2(C)[C@H]3C[C@@H](O)[C@]4(C)[C@H]5COC(=O)C5=CC[C@H]4[C@]3(C)CC[C@@H]12,0,IC50,4.5,1,CHEMBL250263
CC(=O)O[C@@H]1C[C@@H]2[C@@]3(C)CCCC(C)(C)[C@@H]3CC[C@@]2(C)[C@@H]2CC=C3C(=O)O[C@@H](O)[C@@H]3[C@@]12C,0,IC50,4.22,1,CHEMBL269105
CC1(C)CCC[C@]2(C)[C@H]3C[C@@H](O)[C@]4(C)[C@@H]5C(=CC[C@H]4[C@]3(C)CC[C@@H]12)C(=O)O[C@H]5O,0,IC50,4.12,1,CHEMBL399743
CO[C@@H]1OC(=O)C2=CC[C@H]3[C@]4(C)CC[C@H]5C(C)(C)CCC[C@]5(C)[C@H]4C[C@@H](O)[C@]3(C)[C@H]21,0,IC50,4.62,1,CHEMBL251696
C[C@]1(CO)CCC[C@]2(C)[C@H]3C[C@@H](O)[C@]4(C)[C@H]5COC(=O)C5=CC[C@H]4[C@]3(C)CC[C@@H]12,0,IC50 (>),4.0,1,CHEMBL438521
C[C@H](CCC(=O)O)[C@H]1CC[C@H]2[C@@H]3CC[C@@H]4C[C@H](O)CC[C@]4(C)[C@H]3CC[C@]12C,1,IC50,7.74,3,CHEMBL1478
CC(C)=CCC/C(=C/CC/C(C)=C/CC[C@@]1(C)C=Cc2cc(O)cc(C)c2O1)C(=O)O,0,IC50,4.77,1,CHEMBL1668778
C/C=C1/C(=O)C[C@H]2[C@@H]3CCC4=CC(=O)CC[C@]4(C)[C@H]3CC[C@]12C,0,IC50,4.89,5,CHEMBL402063
CCNc1nc2c(c(C(N)=O)n1)CN(C(=O)CCc1ccc(OC(F)(F)F)cc1)CC2,0,IC50 (>),5.0,1,CHEMBL2331648
O=C(c1ccc(OCCN2CCCCC2)cc1)c1c(-c2ccc(O)cc2)sc2cc(O)ccc12,0,IC50,4.94,1,CHEMBL81
Fc1ccc(C(c2ccccc2)(c2ccccc2F)n2ccnc2)cc1,0,IC50,4.86,1,CHEMBL2107430
C[C@]12CC[C@@H]3c4ccc(O)cc4C[C@@H](CCCCCCCCC[S+]([O-])CCCC(F)(F)C(F)(F)F)[C@H]3[C@@H]1CC[C@@H]2O,1,IC50,6.1,1,CHEMBL1358
C/C=C1\C(=O)C[C@H]2[C@@H]3CCC4=CC(=O)CC[C@]4(C)[C@H]3CC[C@]12C,0,IC50,4.92,5,CHEMBL410683
CCCc1cc(C(C)=O)c(O)cc1OCCCCCC(C)(C)c1nnn[nH]1,0,IC50,4.6,1,CHEMBL3114121
CCc1cc(C(C)=O)c(O)cc1OCCCCCC(C)(C)C(=O)O,0,IC50 (>),4.0,1,CHEMBL53417
CCc1cc(C(C)=O)c(O)cc1OCCCCCC(C)(C)c1nn[nH]n1,0,IC50,4.45,1,CHEMBL15766
Cc1ccc(NC(=O)c2cnn(-c3ccccc3)c2C(F)(F)F)cc1S(=O)(=O)N1CCOCC1,1,IC50,6.0,1,CHEMBL3264627
Cc1ccc(-c2nn(-c3ccccc3)cc2C(=O)Nc2ccc(C)c(S(=O)(=O)N3CCOCC3)c2)cc1,1,IC50,7.33,1,CHEMBL1367639
Cc1ccc(-c2nn(-c3ccc(F)cc3)cc2C(=O)Nc2ccc(C)c(S(=O)(=O)N3CCOCC3)c2)cc1,1,IC50,7.61,1,CHEMBL3264635
Cc1ccc(-c2nn(-c3cccc(Cl)c3)cc2C(=O)Nc2ccc(C)c(S(=O)(=O)N3CCOCC3)c2)cc1,1,IC50,7.98,1,CHEMBL3264636
Cc1ccc(-c2nn(-c3ccc(Cl)cc3Cl)cc2C(=O)Nc2ccc(C)c(S(=O)(=O)N3CCOCC3)c2)cc1,1,IC50,7.85,1,CHEMBL3264637
Cc1ccc(-c2nn(-c3cccc(C(F)(F)F)c3)cc2C(=O)Nc2ccc(C)c(S(=O)(=O)N3CCOCC3)c2)cc1,1,IC50,7.62,1,CHEMBL3264638
Cc1ccc(-c2nn(-c3nc4ccccc4s3)cc2C(=O)Nc2ccc(C)c(S(=O)(=O)N3CCOCC3)c2)cc1,1,IC50,7.75,1,CHEMBL3264639
Cc1ccc(-c2nn(C(C)C)cc2C(=O)Nc2ccc(C)c(S(=O)(=O)N3CCOCC3)c2)cc1,1,IC50,7.31,1,CHEMBL3264640
CCCCn1cc(C(=O)Nc2ccc(C)c(S(=O)(=O)N3CCOCC3)c2)c(-c2ccc(C)cc2)n1,1,IC50,7.28,1,CHEMBL3264641
Cc1ccc(-c2nn(Cc3ccc4ccccc4c3)cc2C(=O)Nc2ccc(C)c(S(=O)(=O)N3CCOCC3)c2)cc1,1,IC50,7.99,1,CHEMBL3264642
Cc1ccc(-c2nn(CC3CC3)cc2C(=O)Nc2ccc(C)c(S(=O)(=O)N3CCOCC3)c2)cc1,1,IC50,7.11,1,CHEMBL3264643
COc1cccc(Cn2cc(C(=O)Nc3ccc(C)c(S(=O)(=O)N4CCOCC4)c3)c(-c3ccc(C)cc3)n2)c1,1,IC50,8.12,1,CHEMBL3264644
Cc1ccc(-c2nn(Cc3cccc(C(F)(F)F)c3)cc2C(=O)Nc2ccc(C)c(S(=O)(=O)N3CCOCC3)c2)cc1,1,IC50,7.74,1,CHEMBL3264645
Cc1ccc(-c2nn(CCCCO)cc2C(=O)Nc2ccc(C)c(S(=O)(=O)N3CCOCC3)c2)cc1,1,IC50,6.88,1,CHEMBL3264646
COc1cccc(Cn2cc(C(=O)Nc3ccc(C)c(S(=O)(=O)N4CCOCC4)c3)c(C(C)C)n2)c1,1,IC50,6.7,1,CHEMBL3264647
COc1cccc(-c2nn(C(C)C)cc2C(=O)Nc2ccc(C)c(S(=O)(=O)N3CCOCC3)c2)c1,1,IC50,6.8,1,CHEMBL3264648
COc1cccc(Cn2cc(C(=O)Nc3ccc(C)c(S(=O)(=O)N4CCOCC4)c3)c(-c3cccc(OC)c3)n2)c1,1,IC50,7.37,1,CHEMBL3264649
Cc1ccc(NC(=O)c2cn(C(C)C)nc2-c2ccc(C(F)(F)F)cc2)cc1S(=O)(=O)N1CCOCC1,1,IC50,7.11,1,CHEMBL3264650
COc1cccc(Cn2cc(C(=O)Nc3ccc(C)c(S(=O)(=O)N4CCOCC4)c3)c(-c3ccc(C(F)(F)F)cc3)n2)c1,1,IC50,7.51,1,CHEMBL3264651
COCCc1nn(Cc2cccc(OC)c2)cc1C(=O)Nc1ccc(C)c(S(=O)(=O)N2CCOCC2)c1,1,IC50,6.41,1,CHEMBL3264987
Cc1ccc(-c2nn(C(C)C)cc2C(=O)N(C)c2ccc(C)c(S(=O)(=O)N3CCOCC3)c2)cc1,1,IC50,6.31,1,CHEMBL3264988
CC(C)(C)c1ccc(C(=O)Nc2ccc(Cl)cc2C(=O)Nc2cccc(C(=O)O)c2)cc1,0,IC50,4.91,1,CHEMBL3335666
COc1ccc(NC(=O)c2ccc(C(C)(C)C)cc2)c(C(=O)Nc2cccc(C(=O)O)c2)c1,0,IC50,4.82,1,CHEMBL3335668
COc1ccc(-c2nc(-c3ccccc3)no2)cc1,0,IC50,4.79,1,CHEMBL3589968
CC(C)(C)c1cc(OC(=O)c2ccc([N+](=O)[O-])cc2)ccc1O,0,IC50,4.9,1,CHEMBL3613412
COc1ccccc1C(=O)Oc1ccc(O)c(C(C)(C)C)c1,0,IC50 (>),4.0,1,CHEMBL3613411
Cc1ccccc1C(=O)Oc1ccc(O)c(C(C)(C)C)c1,0,IC50 (>),4.0,1,CHEMBL3613410
CC(C)(C)c1cc(OC(=O)c2ccccc2)ccc1O,0,IC50 (>),4.0,1,CHEMBL3613409
CC(C)(C)c1cc(OC(=O)c2ccc(Cl)cc2)ccc1O,0,IC50 (>),4.0,1,CHEMBL3613408
Cc1ccc(C(=O)Oc2ccc(O)c(C(C)(C)C)c2)cc1,0,IC50 (>),4.0,1,CHEMBL3613407
CC(C)(C)c1cc(OC(=O)c2ccco2)ccc1O,0,IC50 (>),4.0,1,CHEMBL3613279
CC(C)(C)c1cc(OC(=O)Cc2ccccc2)ccc1O,0,IC50 (>),4.0,1,CHEMBL1548044
CC(C)(C)c1cc(OC(=O)/C=C/c2ccccc2)ccc1O,0,IC50 (>),4.0,1,CHEMBL3613278
CC(C)(C)c1cc(OC(=O)c2ccc(Cl)cc2Cl)ccc1O,0,IC50,4.99,1,CHEMBL3613277
CC(C)(C)c1cc(OC(=O)c2ccc(N)cc2)ccc1O,0,IC50,4.47,1,CHEMBL3613415
CC(C)(C)c1cc(OC(=O)c2c(Cl)cc(N)cc2Cl)ccc1O,1,IC50,6.22,1,CHEMBL3613417
CC(C)(C)c1cc(NC(=O)c2ccc(Cl)cc2Cl)ccc1O,0,IC50,4.87,1,CHEMBL3613418
CC(C)(C)c1cc(NC(=O)c2ccc(Cl)cc2Cl)cc(C(C)(C)C)c1O,0,IC50 (>),4.0,1,CHEMBL3613419
CC(C)c1cc(NC(=O)c2ccc(Cl)cc2Cl)ccc1O,0,IC50 (>),4.0,1,CHEMBL3613420
CCc1cc(NC(=O)c2ccc(Cl)cc2Cl)ccc1O,0,IC50 (>),4.0,1,CHEMBL3613421
Cc1cc(NC(=O)c2ccc(Cl)cc2Cl)ccc1O,0,IC50 (>),4.0,1,CHEMBL3613422
COc1ccc(NC(=O)c2ccc(Cl)cc2Cl)cc1C(C)(C)C,0,IC50 (>),4.0,1,CHEMBL3613423
C=CCOc1ccc(NC(=O)c2ccc(Cl)cc2Cl)cc1C(C)(C)C,0,IC50 (>),4.0,1,CHEMBL3613424
CC(=O)Oc1ccc(NC(=O)c2ccc(Cl)cc2Cl)cc1C(C)(C)C,0,IC50,4.81,1,CHEMBL3613425
CNc1cc(Cl)c(C(=O)Nc2ccc(O)c(C(C)(C)C)c2)c(Cl)c1,0,IC50,4.86,1,CHEMBL3613430
CCNc1cc(Cl)c(C(=O)Nc2ccc(O)c(C(C)(C)C)c2)c(Cl)c1,0,IC50,4.54,1,CHEMBL3613431
CN(c1cc(Cl)c(C(=O)Nc2ccc(O)c(C(C)(C)C)c2)c(Cl)c1)C1CCCCC1,0,IC50 (>),4.0,1,CHEMBL3613435
CC(C)(C)c1cc(NC(=O)c2c(Cl)cc(N3CCCCC3)cc2Cl)ccc1O,0,IC50 (>),4.0,1,CHEMBL3613436
CC(C)(C)c1cc(NC(=O)c2c(Cl)cc(N3CCNCC3)cc2Cl)ccc1O,0,IC50 (>),4.0,1,CHEMBL3613437
CN(C)c1cc(Cl)c(C(=O)N(CC2CCCCC2)c2ccc(O)c(C(C)(C)C)c2)c(Cl)c1,0,IC50 (>),4.0,1,CHEMBL3613440
CN(C)c1cc(Cl)c(C(=O)N(c2ccc(O)c(C(C)(C)C)c2)C2CCCCC2)c(Cl)c1,0,IC50 (>),4.0,1,CHEMBL3613441
CC(C)[C@H](NC(=O)[C@H](NC(=O)[C@@H]1CCCN1C(=O)[C@H](Cc1ccc(Br)cc1)NC(=O)[C@@H](C)NC=O)C(C)C)C(=O)N[C@H](Cc1c[nH]c2ccccc12)C(=O)N[C@@H](CCCNC(=N)N)C(=O)N[C@H](CS(=O)(=O)O)C(=O)N[C@@H]1C(=O)N(C)[C@@H](CCC(N)=O)C(=O)N[C@H](Cc2ccccc2)C(=O)N[C@@H]([C@@H](C)O)C(=O)N[C@@H](CC(N)=O)C(=O)N(C)CC(=O)O[C@@H]1C,1,IC50,6.3,1,CHEMBL3815164
C[C@@H](c1nc2ccc(C(=O)O)cc2n1C)N1C(=O)CN(c2ccc(Oc3ccccc3)cc2)C1=O,0,IC50,4.98,1,CHEMBL4079195
CC(C)C[C@@H](c1nc2ccc(C(=O)O)cc2n1C)N1C(=O)CN(c2ccc(Oc3ccccc3)cc2)C1=O,0,IC50,4.36,1,CHEMBL4072074
Cn1c([C@H](Cc2ccccc2)N2C(=O)CN(c3ccc(Oc4ccccc4)cc3)C2=O)nc2ccc(C(=O)O)cc21,0,IC50,4.45,1,CHEMBL4075485
Cn1c([C@@H](Cc2ccccc2)N2C(=O)CN(c3ccc(Oc4ccccc4)cc3)C2=O)nc2ccc(C(=O)O)cc21,0,IC50,4.06,1,CHEMBL4093639
Cn1c([C@@H](N2C(=O)CN(c3ccc(Oc4ccccc4)cc3)C2=O)C(C)(C)C)nc2ccc(C(=O)O)cc21,0,IC50,4.11,1,CHEMBL4101514
Cn1c([C@H](CC2CCCCC2)N2C(=O)CN(c3ccc(Oc4ccccc4)cc3)C2=O)nc2ccc(C(=O)O)cc21,0,IC50,4.61,1,CHEMBL4075735
COc1ccc(Oc2ccc(N3CC(=O)N([C@@H](CC(C)C)c4nc5ccc(C(=O)O)cc5n4C)C3=O)cc2)cc1,0,IC50,4.12,1,CHEMBL4059655
CC(C)C[C@@H](c1nc2ccc(C(=O)O)cc2n1C)N1C(=O)CN(c2cccc(Oc3ccccc3)c2)C1=O,0,IC50,4.74,1,CHEMBL4087269
CC(C)C[C@@H](c1nc2ccc(C(=O)O)cc2n1C)N1C(=O)CN(c2ccc(-c3ccccc3)cc2)C1=O,0,IC50,4.64,1,CHEMBL4105130
Cc1ccc2nc([C@H](CC(C)C)N3C(=O)CN(c4ccc(Oc5ccccc5)cc4)C3=O)n(C)c2c1,0,IC50,4.18,1,CHEMBL4102690
CC(C)C[C@@H](c1nc2ccc(C(=O)O)cc2n1C)N1CCN(c2ccc(Oc3ccccc3)cc2)C1=O,0,IC50,4.54,1,CHEMBL4064817
COc1ccccc1/C=C/C(=O)c1cccc(O)c1,0,IC50,4.7,1,CHEMBL4067658
COc1ccccc1/C=C/C(=O)c1cccc(O)c1O,0,IC50,4.79,1,CHEMBL4083985
COc1cccc(/C=C/C(=O)c2cccc(O)c2O)c1,0,IC50,4.76,1,CHEMBL4067328
COc1cccc(/C=C/C(=O)c2ccc(O)cc2O)c1,0,IC50,4.82,1,CHEMBL573523
COc1ccccc1/C=C/C(=O)c1cc(O)ccc1O,0,IC50,4.82,1,CHEMBL4070048
COc1cccc(/C=C/C(=O)c2cc(O)ccc2O)c1,0,IC50,4.74,1,CHEMBL4104940
COc1ccc(/C=C/C(=O)c2cccc(O)c2)cc1OC,0,IC50,4.7,1,CHEMBL4087479
CC(C)(C)n1ncc(C(=O)Nc2ccc3cnn(CC4CCN(c5ccc(C(=O)O)cc5)CC4)c3c2)c1-c1ccc(F)cc1,1,IC50,9.0,1,CHEMBL4101903
CNc1ccc2cc(C(=O)N(Cc3ccc(-c4ccc(N(C)C)cc4)cc3)c3cccc(/C=C/C(=O)OC)c3)ccc2c1,0,Kd,4.31,1,CHEMBL4097177
Cc1ccc2nc([C@H](CC3CCNCC3)N3C(=O)CN(c4ccc(Oc5ccccc5)cc4)C3=O)n(C)c2c1,0,IC50,4.19,1,CHEMBL4160865
Cc1ccc2nc([C@H](CC3CCN(CC(C)C)CC3)N3C(=O)CN(c4ccc(Oc5ccccc5)cc4)C3=O)n(C)c2c1,0,IC50,4.79,2,CHEMBL4171481
Cc1ccc2nc([C@H](CC3CCN(C(=O)C(C)C)CC3)N3C(=O)CN(c4ccc(Oc5ccccc5)cc4)C3=O)n(C)c2c1,1,IC50,7.46,2,CHEMBL4170032
Cc1ccc2nc([C@H](CC3CCN(C(=O)C4CCCC4)CC3)N3C(=O)CN(c4ccc(Oc5ccccc5)cc4)C3=O)n(C)c2c1,1,IC50,7.52,1,CHEMBL4161262
CC(=O)N1CCC(C[C@@H](c2nc3ccccc3n2C)N2C(=O)CN(c3ccc(Oc4ccccc4)cc3)C2=O)CC1,1,IC50,6.13,1,CHEMBL4169187
CC(C)C(=O)N1CCC(C[C@@H](c2nc3ccccc3n2C)N2C(=O)CN(c3ccc(Oc4ccccc4)cc3)C2=O)CC1,1,IC50,7.42,1,CHEMBL4172988
CC(C)C(=O)N1CCC(C[C@@H](c2nc3cc(F)ccc3n2C)N2C(=O)CN(c3ccc(Oc4ccccc4)cc3)C2=O)CC1,1,IC50,10.22,2,CHEMBL4162312
CC(C)C(=O)N1CCC(C[C@@H](c2nc3ccc(Cl)cc3n2C)N2C(=O)CN(c3ccc(Oc4ccccc4)cc3)C2=O)CC1,1,IC50,10.3,2,CHEMBL4169596
CC(=O)N1CCC(C[C@@H](c2nc3ccc(C)cc3n2C)N2C(=O)CN(c3ccc(Oc4ccccc4)cc3)C2=O)CC1,1,IC50,9.7,1,CHEMBL4159402
CC(=O)N1CCC(C[C@@H](c2nc3cc(F)ccc3n2C)N2C(=O)CN(c3ccc(Oc4ccccc4)cc3)C2=O)CC1,1,IC50,9.0,1,CHEMBL4176369
CC(=O)N1CCC(C[C@@H](c2nc3ccc(Cl)cc3n2C)N2C(=O)CN(c3ccc(Oc4ccccc4)cc3)C2=O)CC1,1,IC50,9.1,1,CHEMBL4165756
CC(C)(C)c1cccc(C(=O)Nc2ccc(CC(=O)O)cc2)c1,1,IC50,6.72,1,CHEMBL4250048
CC(C)(C)c1ccc(C(=O)Nc2ccc(CC(=O)O)cc2)c(O)c1,1,IC50,6.85,1,CHEMBL4245789
COc1cc(C(=O)Nc2ccc(CC(=O)O)cc2)ccc1C(C)(C)C,1,IC50,6.66,1,CHEMBL4246250
COc1cc(C(C)(C)C)ccc1C(=O)Nc1ccc(CC(=O)O)cc1,1,IC50,8.89,2,CHEMBL4241985
Cc1cc(NC(=O)c2ccc(C(C)(C)C)cc2)ccc1CC(=O)O,1,IC50,7.1,1,CHEMBL4247789
CC(C(=O)O)c1ccc(NC(=O)c2ccc(C(C)(C)C)cc2)cc1,1,IC50,6.01,1,CHEMBL4237768
O=C(O)Cc1ccc(NC(=O)c2ccc(-c3ccccc3)cc2)cc1,1,IC50,6.07,1,CHEMBL4241503
O=C(O)Cc1ccc(NC(=O)c2cccc(-c3ccccc3)c2)cc1,1,IC50,6.55,1,CHEMBL4240221
O=C(O)Cc1ccc(NC(=O)Cc2ccc3ccccc3c2)cc1,0,IC50,4.57,1,CHEMBL1537020
O=C(O)Cc1ccc(NC(=O)c2ccc3ccccc3c2)cc1,1,IC50,6.17,1,CHEMBL4248237
O=C(O)Cc1ccc(NC(=O)c2cccc3ccccc23)cc1,1,IC50,6.09,1,CHEMBL4244598
CC(C)(C)c1ccc(C(=O)Nc2ccc(CCCC(=O)O)cc2)cc1,1,IC50,6.16,1,CHEMBL4243351
CC(C)(C)c1ccc(C(=O)Nc2ccc(CCC(=O)O)cc2)cc1,1,IC50,6.2,1,CHEMBL4074486
CC(C)(C)c1ccc(C(=O)Nc2ccc(CC(=O)O)cc2)cc1,1,IC50,7.12,1,CHEMBL4239777
CC(C)(C)c1ccc(C(=O)Nc2ccccc2CC(=O)O)cc1,1,IC50,6.99,1,CHEMBL4240019
CC(C)(C)c1ccc(C(=O)Nc2cccc(CC(=O)O)c2)cc1,1,IC50,6.46,2,CHEMBL4250128
COc1ccc(-c2ccccc2)cc1C(=O)Nc1ccc(CC(=O)O)cc1,1,IC50,6.77,1,CHEMBL4242447
Cc1c(C2(C(F)(F)F)CC2)nc(C2CC2)n1-c1c(Cl)ccc(N2CC3(CC(C(=O)O)C3)C2)c1Cl,0,IC50 (>),5.0,1,CHEMBL4513808
Cc1ccc2nc([C@H](Cc3ccc(Cl)cc3)N3C(=O)CN(c4ccc(Oc5ccccc5)cc4)C3=O)n(C)c2c1,0,IC50 (>),3.4,1,CHEMBL4455235
Cc1ccc2nc([C@H](Cc3ccc(C(N)=O)cc3)N3C(=O)CN(c4ccc(Oc5ccccc5)cc4)C3=O)n(C)c2c1,0,IC50,4.56,1,CHEMBL4517627
Cc1ccc2nc([C@H](Cc3ccc(C(=O)NC(C)C)cc3)N3C(=O)CN(c4ccc(Oc5ccccc5)cc4)C3=O)n(C)c2c1,0,IC50,4.41,1,CHEMBL4582290
Cc1ccc2c(c1)nc([C@H](CC1CCN(C(=O)C(C)C)CC1)N1C(=O)CN(c3ccc(Oc4ccccc4)cc3)C1=O)n2C,1,IC50,7.29,1,CHEMBL4569266
Cc1ccc2nc([C@H](CC3CCN(C(=O)C(C)C)CC3)N3C(=O)CN(c4ccc(Oc5ccccc5)cc4)C3=O)n(CC(C)C)c2c1,1,IC50,8.62,2,CHEMBL4519419
Cc1ccc2nc([C@H](CC3CCN(C(=O)C(C)C)CC3)NC(=O)c3ccc(Oc4ccccc4)cc3)n(C)c2c1,0,IC50 (>),3.4,1,CHEMBL4471502
Cc1ccc2nc([C@H](CC3CCN(C(=O)C(C)C)CC3)NC(=O)Nc3ccc(Oc4ccccc4)cc3)n(C)c2c1,0,IC50 (>),3.4,1,CHEMBL4462669
Cc1ccc2nc([C@H](CC3CCN(C(=O)C(C)C)CC3)N3C(=O)CN(c4ccc(Oc5ccc(Cl)cc5)cc4)C3=O)n(C)c2c1,1,IC50,8.03,2,CHEMBL4556659
COc1ccc(Oc2ccc(N3CC(=O)N([C@@H](CC4CCN(C(=O)C(C)C)CC4)c4nc5ccc(C)cc5n4C)C3=O)cc2)cc1,1,IC50,8.15,2,CHEMBL4552760
Cc1ccc2nc([C@H](CC3CCN(C(=O)C(C)C)CC3)N3C(=O)CN(c4ccc(Oc5ccc(F)cc5)cc4)C3=O)n(C)c2c1,1,IC50,10.3,4,CHEMBL4453417
Cc1ccc2nc([C@H](CC3CCN(C(=O)C(C)C)CC3)N3C(=O)CN(c4ccc(OC5CCCCC5)cc4)C3=O)n(C)c2c1,1,IC50,7.28,2,CHEMBL4592488
Cc1ccc2nc([C@@H](CC3CCN(C(=O)C(C)C)CC3)N3C(=O)CN(c4ccc(Oc5ccccc5)cc4)C3=O)n(C)c2c1,1,IC50,7.39,1,CHEMBL4463196
Cc1ccc2nc([C@H](Cc3ccc(C#N)cc3)N3C(=O)CN(c4ccc(Oc5ccccc5)cc4)C3=O)n(C)c2c1,1,IC50,6.11,1,CHEMBL4453727
Cc1ccc2nc([C@H](CC3CCN(S(=O)(=O)C(C)C)CC3)N3C(=O)CN(c4ccc(Oc5ccccc5)cc4)C3=O)n(C)c2c1,1,IC50,7.22,1,CHEMBL4454185
Cc1ccc2nc([C@H](CC3CCN(C(=O)NC(C)C)CC3)N3C(=O)CN(c4ccc(Oc5ccccc5)cc4)C3=O)n(C)c2c1,1,IC50,7.74,1,CHEMBL4472554
Cc1ccc2nc([C@H](CC3CCN(C(=O)C(C)C)CC3)N3C(=O)CN(c4ccc(Oc5ccccc5)cc4)C3=O)n(-c3ccc(F)cc3)c2c1,1,IC50,6.01,1,CHEMBL4556183
Cc1ccc2nc([C@H](CC3CCN(C(=O)C(C)C)CC3)N3CCN(c4ccc(Oc5ccccc5)cc4)C3=O)n(C)c2c1,1,IC50,6.1,1,CHEMBL4535018
C=C1CC[C@@H]2[C@]3(C)COC(C)(C)O[C@@H]3CC[C@@]2(C)[C@@H]1C/C=C1/C(=O)OC[C@@H]1Oc1ccc([N+](=O)[O-])cc1OC,1,IC50,6.26,1,CHEMBL4476319
C=C1CC[C@@H]2[C@](C)(CO)[C@H](O)CC[C@@]2(C)[C@@H]1C/C=C1/C(=O)OC[C@@H]1Oc1ccccc1OC,1,IC50,6.26,1,CHEMBL4472831
C=C1CC[C@@H]2[C@](C)(CO)[C@H](O)CC[C@@]2(C)[C@@H]1C/C=C1/C(=O)OC[C@@H]1Oc1ccc([N+](=O)[O-])cc1,1,IC50,6.26,1,CHEMBL4466662
OCCCCCN1CCCC1c1nc(-c2ccc3ccccc3c2)no1,0,IC50,4.64,1,CHEMBL4575954
OCCCCN1CCC[C@H]1c1nc(-c2ccc3ccccc3c2)no1,0,IC50,4.47,1,CHEMBL4457628
OCCCN1CCC[C@H]1c1nc(-c2ccc3ccccc3c2)no1,0,IC50,4.69,1,CHEMBL4562404
O=C(O)CCN1CCC[C@H]1c1nc(-c2ccc3ccccc3c2)no1,0,IC50,4.55,1,CHEMBL4464005
c1ccc2cc(-c3noc([C@@H]4CCCN4)n3)ccc2c1,0,IC50,4.46,1,CHEMBL4452655
OCCCCCN1CCCCC1c1nc(-c2ccc3ccccc3c2)no1,0,IC50,4.98,1,CHEMBL4541043
OCCCN1CCCC[C@H]1c1nc(-c2ccc3ccccc3c2)no1,0,IC50,4.57,1,CHEMBL4539531
c1ccc2cc(-c3noc([C@@H]4CCCCN4)n3)ccc2c1,1,IC50,6.9,1,CHEMBL4527193
O=C(O)CCCN1CCC(c2nc(-c3ccc4ccccc4c3)no2)CC1,0,IC50,4.59,1,CHEMBL4573467
OCCCN1CCC(c2nc(-c3ccc4ccccc4c3)no2)CC1,0,IC50,4.39,1,CHEMBL4564891
c1ccc2cc(-c3noc(C4CCNCC4)n3)ccc2c1,1,IC50,6.24,1,CHEMBL4464270
COc1ccc(Oc2ccc(N3CC(=O)N([C@@H](CC4CCN(C(=O)C(C)C)CC4)c4nc5ccc(C)cc5n4C4CC4)C3=O)cc2)cc1,1,IC50,9.96,2,CHEMBL4785930
COc1ccc(Oc2ccc(N3CC(=O)N([C@@H](CC4CCN(C(=O)C(C)C)CC4)c4nc5ccc(F)cc5n4C)C3=O)cc2)cc1,1,IC50,8.11,1,CHEMBL4797745
CC(C)C(=O)N1CCC(C[C@@H](c2nc3ccc(F)cc3n2C)N2C(=O)CN(c3ccc(Oc4ccc(F)cc4)cc3)C2=O)CC1,1,IC50,10.05,2,CHEMBL4783777
Cc1ccc2nc([C@H](CC3CCN(C(=O)C(C)C)CC3)N3C(=O)CN(c4ccc(Oc5ccc(F)cc5)cc4)C3=O)n(C3CC3)c2c1,1,IC50,10.22,2,CHEMBL4749439
CC(C)C(=O)N1CCC(C[C@@H](c2nc3ccc(F)cc3n2C2CC2)N2C(=O)CN(c3ccc(Oc4ccc(F)cc4)cc3)C2=O)CC1,1,IC50,10.3,2,CHEMBL4783205
CC(C)C(=O)N1CCC(C[C@@H](c2nc3ccccc3n2C2CC2)N2C(=O)CN(c3ccc(Oc4ccc(F)cc4)cc3)C2=O)CC1,1,IC50,8.74,2,CHEMBL4778665
Cc1nc(CCC(=O)O)oc1-c1ccc(C(C)(C)C)cc1,0,IC50,4.86,1,CHEMBL4748312
CC(C)(C)c1ccc(-c2nnc(CCC(=O)O)o2)cc1,1,IC50,6.89,1,CHEMBL4757629
CC(C)(C)c1ccc(-c2cc(CCC(=O)O)n[nH]2)cc1,1,IC50,7.22,2,CHEMBL4756964
CC(C)(C)c1ccc(-c2cn(CCC(=O)O)nn2)cc1,1,IC50,6.05,1,CHEMBL4748755
C[C@H](CCC(=O)NCC(=O)O)[C@H]1CC[C@H]2[C@@H]3[C@@H](O)C[C@@H]4C[C@H](O)CC[C@]4(C)[C@H]3CC[C@]12C,0,IC50,4.01,1,CHEMBL409348
CC(C)[C@@H]1CC[C@]2(C(=O)NCC(=O)O)CC[C@]3(C)[C@H](CC[C@@H]4[C@@]5(C)CC[C@@H](O)C(C)(C)[C@@H]5CC[C@]43C)[C@@H]12,0,IC50,4.13,1,CHEMBL5179122
CCCS(=O)(=O)O[C@@H]1CC[C@]2(C)[C@H]3CC[C@@H]4[C@H]5[C@H](C(C)C)CC[C@]5(C(=O)NCC(=O)O)CC[C@@]4(C)[C@]3(C)CC[C@H]2C1(C)C,0,IC50,4.85,1,CHEMBL5186465
CC(C)[C@@H]1CC[C@]2(C(=O)NCC(=O)O)CC[C@]3(C)[C@H](CC[C@@H]4[C@@]5(C)CC[C@@H](OC(=O)c6ccco6)C(C)(C)[C@@H]5CC[C@]43C)[C@@H]12,0,IC50 (>),4.0,1,CHEMBL5185017
CCCC(=O)O[C@H]1CC[C@]2(C)[C@H]3CC[C@@H]4[C@H]5[C@H](C(C)C)CC[C@]5(C(=O)NCC(=O)O)CC[C@@]4(C)[C@]3(C)CC[C@H]2C1(C)C,0,IC50,4.89,1,CHEMBL5183084
CCCC(=O)O[C@@H]1CC[C@]2(C)[C@H]3CC[C@@H]4[C@H]5[C@H](C(C)C)CC[C@]5(C(=O)NCCS(=O)(=O)O)CC[C@@]4(C)[C@]3(C)CC[C@H]2C1(C)C,0,IC50 (>),4.0,1,CHEMBL5188348
CCCC(=O)O[C@@H]1CC[C@]2(C)[C@H]3CC[C@@H]4[C@H]5[C@H](C(C)C)CC[C@]5(NC(=O)OCC(=O)O)CC[C@@]4(C)[C@]3(C)CC[C@H]2C1(C)C,1,IC50,6.05,1,CHEMBL5180596
CCCC(=O)O[C@@H]1CC[C@]2(C)[C@H]3CC[C@@H]4[C@H]5[C@H](C(C)C)CC[C@]5(C(=O)NCC(=O)NS(C)(=O)=O)CC[C@@]4(C)[C@]3(C)CC[C@H]2C1(C)C,0,IC50,4.92,1,CHEMBL5174236
CCCC(=O)O[C@@H]1CC[C@]2(C)[C@H]3CC[C@@H]4[C@H]5[C@H]([C@@H](C)CO)CC[C@]5(C(=O)NCC(=O)O)CC[C@@]4(C)[C@]3(C)CC[C@H]2C1(C)C,0,IC50,4.85,1,CHEMBL5173557
CCCC(=O)O[C@@H]1CC[C@]2(C)[C@H]3CC[C@@H]4[C@H]5[C@H]([C@@H](C)C(=O)O)CC[C@]5(C(=O)NCC(=O)O)CC[C@@]4(C)[C@]3(C)CC[C@H]2C1(C)C,0,IC50,4.59,1,CHEMBL5200493
CCCCCn1c(-c2ccc(NC(=O)Cc3ccc(S(=O)(=O)CC)cc3)cc2)nc2ccc(C)cc21,0,IC50 (>),4.7,1,CHEMBL5279688
CCS(=O)(=O)c1ccc(CC(=O)Nc2ccc(-c3nc4ccc(C)cc4n3[C@H](C)c3ccc(C)cc3)cc2)cc1,0,IC50 (>),4.7,1,CHEMBL5289748
CCS(=O)(=O)c1ccc(CC(=O)Nc2ccc(-c3nc4ccc(C)cc4n3[C@@H](C)c3ccc(C)cc3)cc2)cc1,0,IC50 (>),4.7,1,CHEMBL5288443
CCS(=O)(=O)c1ccc(CC(=O)Nc2ccc(-c3nc4ccc(C(F)(F)F)cc4n3[C@H](C)c3ccc(F)cc3)cc2)cc1,0,IC50 (>),4.7,1,CHEMBL5266226
CCS(=O)(=O)c1ccc(CC(=O)Nc2ccc(-c3nc4ccc(C(F)(F)F)cc4n3[C@@H](C)c3ccc(F)cc3)cc2)cc1,0,IC50 (>),4.7,1,CHEMBL5275972
OC(c1ccc(-c2ccc(CN3CCN(Cc4ccncc4)CC3)cc2)c(F)c1)(C(F)(F)F)C(F)(F)F,0,IC50 (>),4.7,1,CHEMBL2137199
C=C1[C@@H](O)CC[C@]2(C)C3CC[C@@]4(C)C(=C3CC[C@@H]12)CC[C@@H]4[C@H](C)CC[C@H](CC)C(C)C,0,IC50,4.4,1,CHEMBL5269841
CC[C@@H](CC[C@@H](C)[C@H]1CCC2=C3CC[C@H]4C(C)=CCC[C@]4(C)C3CC[C@@]21C)C(C)C,0,IC50,4.46,1,CHEMBL5266512
O=C(O)c1ccccc1-c1ccc(Cn2ccc(OCc3c(-c4ccccc4Cl)noc3-c3cccs3)n2)cc1,0,IC50,4.91,1,CHEMBL5284733
CC(C)(C)c1ccc(-n2cnc3c(NC(=O)Cc4ccc(C(=O)O)cc4)cccc32)cc1,0,IC50,4.68,3,CHEMBL5290209
COc1cc2c(cc1OC)-c1cc3ccc(OC)c(OCc4cccc(C)c4)c3c[n+]1CC2,0,Kd,4.08,1,CHEMBL5415777
Cc1ccc(C)c(OCCCC(C)(C)C(=O)NCC(=O)c2ccc(O)cc2)c1,0,IC50,4.24,1,CHEMBL5561351
Cc1c(C(=O)O)oc2ccc(S(=O)(=O)N(CCc3ccccc3)Cc3ccccc3)cc12,0,IC50,4.73,1,CHEMBL5542540
COc1ccccc1NC(=O)N(Cc1ccco1)Cc1ccccc1OS(=O)(=O)c1ccc(NC(C)=O)cc1,0,IC50,4.98,1,CHEMBL5555654
COc1ccc(CN(Cc2ccco2)C(=O)c2ccccc2Cl)cc1OS(=O)(=O)c1ccc(NC(C)=O)cc1,0,IC50,4.98,1,CHEMBL5563421
COc1ccc(S(=O)(=O)Nc2ccc(CN(C(=O)c3ccco3)C3CCCCC3)c(N(C)C)c2)cc1,0,IC50,4.94,1,CHEMBL5570321
CCOc1ccc(CN(Cc2cccc(C(F)(F)F)c2)Cc2nc(C(=O)N3CCN(C(C)=O)CC3)co2)cc1,0,IC50,4.87,1,CHEMBL5591721
COc1cccc(OCC2c3ccsc3CCN2C(=O)CN(CC2CCCO2)C(=O)CC(C)C)c1,0,IC50,4.83,1,CHEMBL5566319
CCC(C(=O)N(Cc1ccc(F)cc1)Cc1cc(NC(=O)C(C)C)ccc1N(C)C)c1ccccc1,0,IC50,4.83,1,CHEMBL5595380
C[C@H](CCC(=O)NCCS(=O)(=O)O)[C@H]1CC[C@H]2[C@@H]3[C@@H](O)C[C@@H]4C[C@H](O)CC[C@]4(C)[C@H]3CC[C@]12C,0,IC50,4.17,1,CHEMBL272427
CCOC(=O)c1ccc(CNC(=O)Cc2ccc(N(Cc3cccc(C)c3)C(=O)C3CCCC3)cc2)cc1,1,IC50,6.05,1,CHEMBL5568904
